customer_id,age,gender,city,total_orders,avg_order_value,loyalty_points,days_since_last_order,is_subscribed,device_type,sales_amount
1,56,M,Tashkent,20,114110.0,194.0,89.0,1,Mobile,3259707.6638785396
2,46,M,Tashkent,26,234626.0,329.0,66.0,0,Mobile,6760864.496292565
3,32,F,Andijan,4,202008.0,423.0,30.0,0,Desktop,1740624.796486096
4,25,F,Tashkent,46,166895.0,174.0,3.0,0,Desktop,7436054.666831458
5,38,M,Andijan,22,54426.0,489.0,21.0,0,Desktop,1104221.2704068515
6,56,F,Andijan,15,269911.0,,,1,Desktop,3922219.5157637834
7,36,M,Tashkent,40,291888.0,412.0,84.0,1,Desktop,11306570.044613123
8,40,M,Samarkand,21,77606.0,433.0,49.0,0,Mobile,1493781.1342239822
9,28,M,Samarkand,15,228904.0,353.0,86.0,0,Mobile,3252952.8077510814
10,28,M,Andijan,22,78151.0,498.0,85.0,1,Mobile,1723637.4911658687
11,41,F,Tashkent,28,260375.0,140.0,62.0,1,Desktop,7087821.9684199
12,53,F,Samarkand,14,61308.0,245.0,97.0,1,Mobile,1223823.857009701
13,57,F,Tashkent,27,290853.0,384.0,38.0,0,Mobile,8123824.018207846
14,41,M,Tashkent,41,243594.0,417.0,15.0,1,Desktop,10363216.453511704
15,20,M,Tashkent,40,226743.0,92.0,52.0,0,Desktop,10638017.563344482
16,39,M,Namangan,28,140306.0,,,0,Mobile,4220802.238716511
17,19,F,Tashkent,26,275180.0,238.0,46.0,1,Mobile,9484570.992800782
18,41,M,,49,156984.0,204.0,25.0,0,Desktop,8146905.539822612
19,47,F,Andijan,2,52204.0,47.0,21.0,1,Desktop,-319351.5908828375
20,55,F,Samarkand,25,142769.0,432.0,88.0,0,Desktop,5134808.239046999
21,19,F,Samarkand,3,137265.0,244.0,5.0,1,Desktop,454267.73229180137
22,38,F,Samarkand,8,,319.0,70.0,0,Mobile,-1585136.1517341286
23,50,F,Samarkand,44,102428.0,316.0,47.0,0,Mobile,4660828.858164816
24,29,F,Samarkand,33,83870.0,412.0,87.0,1,Desktop,2724534.1620560423
25,39,M,Samarkand,42,153547.0,294.0,68.0,1,Mobile,8202521.386288335
26,42,M,Samarkand,35,285990.0,127.0,91.0,1,Mobile,9175583.314999633
27,44,F,Andijan,6,99067.0,343.0,18.0,1,Desktop,433247.1819217278
28,59,F,Tashkent,39,239657.0,281.0,21.0,0,Mobile,10754762.37606046
29,45,M,Bukhara,23,288083.0,16.0,92.0,1,Mobile,7028317.53272418
30,33,F,Namangan,25,162217.0,70.0,99.0,1,Mobile,3918968.175026866
31,32,F,Bukhara,43,202679.0,268.0,86.0,0,Desktop,8092711.333526966
32,20,M,Bukhara,19,206040.0,324.0,23.0,1,Desktop,4428505.72687503
33,54,F,Tashkent,5,148934.0,281.0,64.0,1,Mobile,855868.8567817311
34,24,F,Tashkent,11,,,67.0,0,Desktop,1506950.7347928025
35,38,F,Tashkent,12,,450.0,40.0,1,Desktop,1999093.458672135
36,26,M,Samarkand,10,290223.0,6.0,10.0,1,Desktop,2090757.885554918
37,56,M,Andijan,8,124707.0,313.0,89.0,1,Mobile,161600.38623612048
38,35,M,Samarkand,24,259329.0,304.0,52.0,1,Mobile,7309929.759972336
39,21,F,Andijan,28,,102.0,72.0,1,Desktop,3964413.3586204383
40,42,F,Andijan,41,236907.0,308.0,75.0,1,Mobile,10802861.456385793
41,31,M,,36,99429.0,192.0,61.0,0,Mobile,3679943.5487685245
42,26,F,Bukhara,37,132152.0,240.0,64.0,1,Mobile,4766995.2121998435
43,43,F,Andijan,21,158048.0,61.0,5.0,0,Mobile,3125125.8901086636
44,19,F,Andijan,8,219530.0,16.0,53.0,0,Mobile,2785341.572906108
45,37,F,Samarkand,9,,170.0,55.0,0,Desktop,310021.178004171
46,45,F,Samarkand,47,188731.0,,37.0,0,Mobile,8367870.896642578
47,24,M,Bukhara,15,241686.0,250.0,56.0,1,Mobile,2862944.372495583
48,25,F,Tashkent,48,289977.0,252.0,59.0,1,Mobile,15404783.546588408
49,52,M,Andijan,46,127240.0,386.0,93.0,1,Desktop,5568582.476552881
50,31,F,Samarkand,40,213865.0,206.0,69.0,0,Desktop,7021611.164560226
51,34,M,Bukhara,18,163688.0,28.0,73.0,1,Desktop,3183807.6422467898
52,53,F,Samarkand,42,96473.0,116.0,59.0,1,Mobile,3739751.8051060857
53,57,M,Andijan,20,146762.0,490.0,2.0,1,Desktop,2623311.1923150383
54,21,F,Andijan,6,270460.0,415.0,65.0,0,Desktop,1170228.0432741723
55,19,M,Namangan,12,278690.0,281.0,60.0,0,Desktop,2785295.220839193
56,23,F,Tashkent,2,269402.0,379.0,51.0,1,Desktop,1436864.3148566447
57,59,M,Namangan,7,156956.0,143.0,30.0,0,Mobile,1393979.3665578435
58,21,F,Bukhara,16,168452.0,,11.0,0,Desktop,2509266.244369471
59,46,M,,3,236823.0,309.0,92.0,1,Desktop,-233269.8768463363
60,35,M,Bukhara,45,176311.0,155.0,76.0,0,Mobile,7842601.676612079
61,43,F,Andijan,3,259987.0,72.0,39.0,0,Mobile,1076588.8576000263
62,51,F,Namangan,27,235326.0,119.0,90.0,1,Desktop,6711956.448259491
63,27,M,Namangan,43,57006.0,311.0,77.0,0,Mobile,2767642.382991769
64,53,F,,40,299243.0,320.0,72.0,0,Desktop,11207127.333172472
65,31,M,Bukhara,38,297754.0,,63.0,0,Mobile,8957475.40740798
66,48,M,Andijan,33,124218.0,85.0,64.0,0,Mobile,5941312.760051933
67,32,M,Samarkand,28,246416.0,335.0,61.0,0,Desktop,5757511.1258914685
68,25,F,Samarkand,1,214912.0,424.0,54.0,0,Mobile,-1538045.9586669384
69,31,M,Bukhara,8,82430.0,498.0,92.0,0,Desktop,1038955.6130040956
70,40,M,Namangan,37,73091.0,363.0,,0,Mobile,1177348.4967692792
71,57,F,Tashkent,32,214055.0,434.0,73.0,1,Desktop,6261961.251425114
72,38,F,Bukhara,48,73989.0,117.0,95.0,1,Mobile,4158822.4258088283
73,33,F,Bukhara,43,125451.0,232.0,58.0,1,Mobile,7283080.268474046
74,35,F,Andijan,37,289160.0,198.0,85.0,1,Mobile,11185431.808272377
75,41,M,,4,68990.0,205.0,56.0,0,Mobile,-60699.27087688021
76,43,M,Bukhara,30,140270.0,412.0,34.0,1,Mobile,4362680.445593158
77,42,M,Bukhara,6,130360.0,338.0,31.0,1,Desktop,-857425.9571749025
78,58,M,Namangan,46,86081.0,146.0,52.0,0,Mobile,3581973.89083485
79,46,F,Namangan,19,192105.0,449.0,,0,Desktop,3424713.3960730555
80,32,M,Tashkent,32,,424.0,76.0,0,Desktop,5430032.662137181
81,18,M,Andijan,9,66241.0,428.0,1.0,0,Desktop,2752358.612693771
82,42,F,Tashkent,12,174932.0,270.0,55.0,0,Mobile,297388.71126776095
83,24,M,Namangan,11,55939.0,386.0,22.0,1,Desktop,400651.3884255133
84,26,M,Samarkand,46,163000.0,138.0,40.0,0,Mobile,5733490.456008154
85,41,M,Namangan,16,228634.0,180.0,1.0,1,Desktop,3244779.906749492
86,18,M,Andijan,1,85063.0,429.0,65.0,1,Desktop,-565039.1411179935
87,25,M,Namangan,45,281072.0,29.0,63.0,0,Desktop,11168393.6924986
88,41,M,Andijan,21,257793.0,56.0,54.0,1,Desktop,6354745.030529779
89,28,F,Andijan,30,208117.0,231.0,42.0,1,Desktop,6614657.7038504295
90,34,F,Andijan,13,297706.0,145.0,21.0,0,Mobile,4738533.629654046
91,25,M,Andijan,34,225841.0,434.0,79.0,1,Desktop,7363940.175332505
92,52,M,Andijan,4,97118.0,383.0,81.0,1,Desktop,509255.52421991725
93,52,F,Samarkand,28,134703.0,47.0,22.0,1,Mobile,5389824.641216314
94,50,M,Tashkent,38,283020.0,193.0,38.0,0,Mobile,10848539.804890888
95,22,M,Bukhara,31,202697.0,223.0,99.0,0,Mobile,7203063.549159441
96,59,M,Tashkent,27,285796.0,135.0,80.0,0,Desktop,7166535.697283271
97,56,F,Andijan,5,178557.0,21.0,8.0,1,Desktop,1619302.3433642602
98,58,M,Samarkand,25,77076.0,5.0,62.0,0,Desktop,1380480.6401946985
99,45,F,Namangan,3,245877.0,203.0,47.0,1,Desktop,-1057291.3760596726
100,24,M,Samarkand,33,94605.0,238.0,17.0,0,Desktop,3233382.112078958
101,26,F,Andijan,4,134565.0,184.0,17.0,1,Desktop,159956.85739603802
102,25,F,Samarkand,25,269581.0,359.0,90.0,0,Mobile,5294243.640602738
103,29,M,Samarkand,20,89121.0,291.0,,0,Mobile,2119412.8516731737
104,51,F,Andijan,34,246173.0,334.0,,1,Desktop,7643355.5150466785
105,50,M,Samarkand,26,81433.0,219.0,38.0,0,Desktop,5319399.278462682
106,40,F,Bukhara,5,93309.0,115.0,81.0,1,Desktop,-940397.2334136674
107,41,M,Bukhara,35,117468.0,312.0,78.0,0,Desktop,3054455.0575498603
108,54,M,Samarkand,28,,48.0,45.0,0,Desktop,7202679.10664779
109,52,F,Namangan,29,117293.0,172.0,6.0,1,Mobile,3354475.119359911
110,57,M,Andijan,9,146258.0,81.0,35.0,1,Mobile,2206024.309262218
111,39,M,Bukhara,38,218925.0,321.0,14.0,1,Desktop,8860041.0538979
112,44,F,Namangan,6,88405.0,332.0,72.0,0,Mobile,114122.87206881796
113,52,M,Samarkand,19,247724.0,44.0,61.0,1,Desktop,3349663.606920368
114,18,M,Namangan,44,93527.0,334.0,,0,Desktop,5353271.080728032
115,52,F,Tashkent,11,127227.0,19.0,54.0,1,Desktop,120546.81441070046
116,54,F,Bukhara,2,181564.0,447.0,27.0,1,Mobile,1145533.961164161
117,31,M,Samarkand,47,,220.0,13.0,1,Mobile,13930028.757256849
118,20,M,Andijan,44,189883.0,122.0,31.0,1,Desktop,8288934.195970039
119,18,F,Samarkand,44,143344.0,233.0,35.0,1,Mobile,6119488.464312197
120,22,F,Andijan,9,205344.0,220.0,60.0,1,Mobile,974369.8953389798
121,43,M,Samarkand,21,,322.0,6.0,0,Desktop,6398889.716704302
122,31,F,,24,253082.0,338.0,69.0,1,Mobile,3197039.168918388
123,56,M,Namangan,34,273564.0,2.0,86.0,0,Mobile,10017902.33905681
124,44,M,Namangan,22,97153.0,181.0,,1,Desktop,2347342.340975714
125,26,M,Tashkent,3,158042.0,205.0,49.0,1,Desktop,353810.3002803177
126,32,M,Andijan,12,104110.0,319.0,,1,Mobile,1651122.2746638476
127,32,M,Namangan,28,195051.0,39.0,89.0,0,Desktop,4107371.608067871
128,43,F,Tashkent,30,291131.0,58.0,34.0,0,Mobile,6349937.311924117
129,59,F,Andijan,26,289173.0,438.0,26.0,1,Desktop,8206073.069953961
130,30,F,Samarkand,48,78328.0,61.0,47.0,0,Desktop,5106790.17218469
131,49,F,Tashkent,21,162911.0,131.0,5.0,1,Desktop,1747229.028063263
132,56,M,Bukhara,28,62867.0,59.0,90.0,1,Desktop,737295.9230035872
133,49,M,Tashkent,26,109234.0,371.0,20.0,0,Mobile,3777908.893027437
134,21,M,Tashkent,33,75851.0,330.0,6.0,0,Desktop,3026972.7599468525
135,47,M,Andijan,21,81279.0,121.0,70.0,0,Desktop,4730467.456306708
136,54,F,Samarkand,35,298503.0,478.0,59.0,0,Desktop,11762262.468825899
137,40,M,Bukhara,34,277135.0,106.0,64.0,1,Mobile,10311014.471893048
138,56,M,Namangan,41,123402.0,95.0,18.0,0,Mobile,4343193.300005117
139,32,F,Namangan,47,65449.0,346.0,4.0,0,Desktop,3773908.7963906825
140,46,F,Tashkent,18,126221.0,413.0,17.0,1,Desktop,3973891.66247537
141,53,F,Andijan,11,139080.0,234.0,14.0,0,Desktop,1482489.2349270945
142,30,F,Andijan,23,55451.0,385.0,78.0,0,Desktop,1350658.4262628679
143,49,M,Namangan,48,137178.0,61.0,13.0,0,Desktop,6756397.526606933
144,24,M,Bukhara,22,222388.0,255.0,7.0,0,Desktop,4355537.318527766
145,39,F,Samarkand,17,244136.0,48.0,44.0,1,Mobile,4443275.514123314
146,45,M,Bukhara,5,113761.0,392.0,15.0,1,Desktop,1008777.1382756814
147,19,M,Samarkand,44,286562.0,347.0,19.0,0,Desktop,14262214.413180657
148,59,M,Namangan,11,88870.0,158.0,63.0,0,Desktop,867177.5574892968
149,23,F,Samarkand,30,146566.0,123.0,35.0,1,Desktop,5133208.546063506
150,45,M,Andijan,15,173749.0,481.0,81.0,0,Desktop,2687169.7180079487
151,45,F,Tashkent,27,173765.0,316.0,35.0,0,Desktop,5489414.4417822445
152,37,M,Tashkent,35,174881.0,,,0,Mobile,5973776.544208102
153,47,M,Namangan,33,211945.0,47.0,20.0,0,Mobile,7591157.986945206
154,28,M,Andijan,20,178389.0,408.0,35.0,0,Mobile,4500015.829088448
155,45,F,Bukhara,16,239699.0,419.0,32.0,0,Mobile,2978027.866942191
156,42,M,Andijan,34,247227.0,,48.0,0,Mobile,9575593.4206706
157,56,F,Tashkent,2,280258.0,200.0,44.0,0,Mobile,494038.6130519785
158,50,F,Tashkent,35,75372.0,,24.0,0,Desktop,2292723.3053738507
159,18,F,Andijan,40,53642.0,313.0,61.0,1,Desktop,1592171.888329978
160,44,M,Andijan,28,209073.0,356.0,17.0,1,Desktop,6330244.278098241
161,30,M,Tashkent,47,84064.0,367.0,71.0,1,Desktop,4129886.311096478
162,58,M,Bukhara,39,275898.0,428.0,50.0,0,Desktop,11344829.185541686
163,20,M,Namangan,6,64122.0,317.0,65.0,0,Desktop,933452.7843184792
164,56,F,,9,205892.0,294.0,99.0,1,Mobile,2608612.6453501782
165,23,F,Andijan,20,118431.0,479.0,32.0,0,Desktop,5384404.116153058
166,25,F,Namangan,1,105745.0,313.0,36.0,1,Mobile,301936.75733185094
167,44,M,Tashkent,8,100081.0,499.0,13.0,0,Mobile,315574.6134274268
168,26,F,Tashkent,23,251974.0,208.0,70.0,1,Desktop,3879588.667661766
169,54,M,Andijan,3,189783.0,354.0,58.0,1,Desktop,-448967.79819058627
170,50,F,Andijan,4,266204.0,484.0,14.0,1,Desktop,2542164.6507529104
171,59,M,Andijan,25,199865.0,210.0,37.0,0,Desktop,5821549.506773107
172,41,M,Bukhara,47,189271.0,191.0,79.0,1,Desktop,7641250.9534850065
173,32,F,Namangan,38,126253.0,43.0,68.0,0,Desktop,7283326.440999221
174,49,F,Andijan,15,86191.0,28.0,40.0,0,Desktop,1633629.4776615086
175,49,F,,21,60211.0,58.0,59.0,0,Mobile,1753747.719880339
176,41,F,Samarkand,35,161086.0,70.0,80.0,0,Desktop,7917235.179936081
177,58,M,Tashkent,46,244141.0,91.0,92.0,0,Desktop,13015441.720828213
178,29,F,Namangan,14,269968.0,264.0,16.0,0,Mobile,4692689.475832161
179,56,F,Andijan,36,237818.0,382.0,62.0,0,Desktop,9581661.940826256
180,19,F,Samarkand,12,202614.0,219.0,4.0,1,Desktop,3463653.096170867
181,20,M,Namangan,17,212384.0,389.0,45.0,1,Mobile,3564060.868287984
182,54,M,Tashkent,39,226314.0,,90.0,1,Desktop,9319038.897544198
183,34,F,Bukhara,9,151971.0,441.0,28.0,0,Desktop,2162559.4940747125
184,19,M,Namangan,35,143783.0,400.0,96.0,0,Desktop,51056224.05621588
185,19,F,Namangan,13,175681.0,399.0,66.0,0,Desktop,1517933.490284447
186,45,M,Bukhara,15,137893.0,214.0,31.0,0,Desktop,1909264.5986913322
187,40,M,Namangan,18,236460.0,478.0,3.0,1,Desktop,3507347.3920940794
188,54,M,Tashkent,33,287653.0,386.0,8.0,0,Mobile,9749921.57087223
189,49,M,,6,208763.0,276.0,24.0,1,Desktop,-389879.1520065132
190,50,F,Bukhara,27,127960.0,63.0,15.0,0,Desktop,3827458.5105075473
191,18,F,Andijan,23,134388.0,345.0,43.0,1,Mobile,1632149.5044318351
192,36,F,Samarkand,27,72601.0,291.0,31.0,0,Mobile,1702253.940006995
193,19,M,Andijan,34,299379.0,489.0,73.0,1,Desktop,10927487.074480847
194,43,F,Namangan,46,199092.0,484.0,45.0,0,Mobile,10191378.71151253
195,49,F,Samarkand,38,189227.0,244.0,66.0,1,Desktop,7984985.208883502
196,23,F,Bukhara,14,250191.0,469.0,8.0,0,Desktop,4056907.9144738805
197,49,M,Bukhara,36,262123.0,61.0,71.0,1,Mobile,8347654.684752508
198,21,M,Samarkand,8,217849.0,425.0,57.0,1,Desktop,2935900.3548667575
199,28,M,Tashkent,35,69710.0,331.0,80.0,0,Desktop,1508948.6354948888
200,34,F,Samarkand,19,158714.0,169.0,99.0,1,Mobile,4194641.8204543255
201,55,F,Namangan,30,205604.0,444.0,30.0,0,Mobile,7017824.757481705
202,41,F,Tashkent,14,178727.0,268.0,74.0,0,Mobile,3995079.5147395376
203,22,M,Bukhara,20,199673.0,266.0,,0,Mobile,4151328.484016297
204,51,M,Samarkand,49,113227.0,53.0,69.0,1,Desktop,4755858.892788979
205,23,F,Andijan,25,186039.0,15.0,93.0,1,Mobile,3365822.47584075
206,39,M,Andijan,40,,7.0,39.0,0,Mobile,4193480.665427074
207,28,M,Namangan,24,201094.0,103.0,60.0,0,Mobile,3240981.251392987
208,33,M,Andijan,14,224535.0,58.0,98.0,1,Mobile,4114492.916936565
209,50,M,Samarkand,26,255743.0,312.0,43.0,1,Mobile,7872734.9530323995
210,26,F,Samarkand,38,55722.0,39.0,45.0,1,Desktop,2690635.9252568483
211,23,M,Andijan,23,208485.0,236.0,23.0,0,Mobile,4880114.087926721
212,33,M,Samarkand,22,273844.0,,69.0,0,Desktop,8306527.436462512
213,46,M,Namangan,48,131050.0,385.0,94.0,0,Mobile,6384751.517035992
214,20,M,Tashkent,19,290504.0,93.0,6.0,0,Mobile,5786992.808143893
215,37,F,Namangan,46,283820.0,221.0,56.0,0,Mobile,13118368.486670882
216,53,F,Namangan,3,286994.0,203.0,4.0,1,Mobile,624173.9335365521
217,36,M,Samarkand,42,266939.0,137.0,93.0,0,Mobile,11910912.489831097
218,43,M,Tashkent,19,133596.0,299.0,23.0,1,Mobile,2054327.3107954771
219,20,M,Samarkand,9,116732.0,394.0,6.0,1,Mobile,547010.17348536
220,36,M,Bukhara,28,193369.0,206.0,32.0,0,Mobile,6198801.385409354
221,37,M,Samarkand,20,118323.0,335.0,18.0,1,Desktop,2036351.6334376608
222,49,M,Samarkand,45,73816.0,80.0,15.0,0,Mobile,3495202.0280751796
223,24,F,Samarkand,7,90695.0,217.0,40.0,1,Desktop,402036.8802364731
224,58,M,Tashkent,14,200774.0,1.0,96.0,0,Mobile,2799784.701773352
225,50,F,Samarkand,9,206314.0,177.0,73.0,0,Desktop,1272036.8815333762
226,57,F,Tashkent,19,105841.0,395.0,74.0,1,Mobile,1567890.2472509067
227,56,M,Andijan,47,,370.0,84.0,0,Mobile,7754673.878189716
228,35,F,Bukhara,14,248784.0,345.0,6.0,1,Mobile,4498806.109861451
229,57,F,Tashkent,38,266735.0,278.0,63.0,0,Desktop,10446814.83425133
230,18,F,Andijan,36,157096.0,,67.0,0,Desktop,6646506.823793665
231,28,F,Tashkent,40,142764.0,317.0,11.0,0,Desktop,6894446.564543962
232,45,F,Tashkent,17,234646.0,223.0,43.0,1,Desktop,3640567.6728643263
233,42,F,Bukhara,30,135744.0,368.0,17.0,1,Mobile,5137904.984388564
234,40,M,Namangan,9,78482.0,383.0,96.0,0,Mobile,883717.2780665671
235,48,F,Namangan,33,59171.0,61.0,4.0,1,Mobile,1824469.494520748
236,47,F,Tashkent,25,150755.0,293.0,63.0,0,Desktop,51677420.96660775
237,59,F,Samarkand,14,280004.0,238.0,68.0,1,Mobile,4592824.462815432
238,52,M,Andijan,11,158125.0,194.0,81.0,1,Desktop,1483950.7449362725
239,24,F,Samarkand,35,180722.0,165.0,41.0,0,Desktop,6896563.315526648
240,33,M,Samarkand,41,156082.0,,83.0,0,Desktop,5358649.347830411
241,43,F,Tashkent,14,53696.0,221.0,5.0,0,Desktop,1109556.9811396168
242,19,M,Tashkent,30,176310.0,60.0,32.0,0,Desktop,3819708.4491418162
243,18,M,,41,201130.0,,86.0,0,Mobile,7325930.374131817
244,29,F,Tashkent,4,201385.0,477.0,70.0,1,Desktop,1628679.698269119
245,22,F,Namangan,4,69149.0,172.0,35.0,1,Desktop,-2307649.99742681
246,54,M,Tashkent,28,180064.0,479.0,22.0,0,Mobile,7083803.859074756
247,49,F,Namangan,8,103521.0,155.0,65.0,0,Desktop,1740160.7207046011
248,26,M,Namangan,2,95740.0,404.0,,0,Desktop,-1445053.122489738
249,58,M,,41,156611.0,377.0,22.0,1,Mobile,9008049.60669323
250,52,M,Bukhara,46,,109.0,,0,Mobile,11285891.892486017
251,36,M,Andijan,22,256803.0,268.0,77.0,0,Mobile,5603174.341010261
252,33,M,Samarkand,41,263684.0,410.0,3.0,1,Desktop,10089554.935299756
253,20,F,Namangan,16,298922.0,355.0,9.0,1,Mobile,6646555.5742028635
254,37,M,Andijan,29,116641.0,390.0,60.0,1,Mobile,3233798.8625597404
255,41,M,Bukhara,49,113811.0,277.0,76.0,1,Mobile,5876278.507812854
256,50,F,Samarkand,48,233232.0,73.0,87.0,0,Desktop,12448925.733922768
257,41,M,Samarkand,30,232385.0,486.0,14.0,1,Mobile,7061038.536206803
258,28,F,Namangan,12,113232.0,436.0,97.0,1,Desktop,1335729.7496833317
259,25,F,Tashkent,35,65417.0,462.0,18.0,0,Desktop,1248200.0227947815
260,53,F,Bukhara,11,205801.0,206.0,73.0,0,Mobile,1736267.9042619844
261,55,M,Namangan,46,162492.0,387.0,23.0,0,Desktop,7407362.153743932
262,57,M,Bukhara,21,80099.0,479.0,74.0,1,Desktop,683015.8109653329
263,37,M,Tashkent,21,,278.0,,0,Mobile,5279703.181790622
264,52,F,Tashkent,5,279206.0,374.0,47.0,1,Desktop,1616631.3166439896
265,42,M,Namangan,48,211033.0,325.0,69.0,1,Mobile,8442379.85432804
266,52,F,Tashkent,20,193674.0,471.0,47.0,1,Desktop,3229816.9843786685
267,42,M,Andijan,37,168474.0,339.0,,0,Desktop,8347631.993597022
268,46,F,Samarkand,3,59256.0,356.0,30.0,1,Mobile,10299.352859927632
269,35,M,Namangan,44,267192.0,339.0,,0,Mobile,11455224.591796149
270,35,M,Bukhara,33,293588.0,203.0,28.0,0,Desktop,9439958.16548516
271,19,M,Andijan,9,84681.0,160.0,98.0,0,Desktop,507976.6185456675
272,52,F,Namangan,9,141328.0,27.0,25.0,1,Mobile,1860320.8698383837
273,33,F,Tashkent,4,268512.0,391.0,74.0,1,Desktop,1774414.1531778006
274,58,M,Tashkent,35,245861.0,,78.0,1,Desktop,8342376.58693548
275,53,M,Tashkent,17,93361.0,164.0,58.0,0,Desktop,1455299.5768620577
276,50,F,Tashkent,34,245575.0,62.0,94.0,1,Desktop,9693323.11799006
277,21,F,Bukhara,24,84540.0,21.0,41.0,1,Mobile,529155.2455297499
278,50,F,,32,207608.0,69.0,25.0,1,Mobile,6620373.983451279
279,31,M,Samarkand,1,134700.0,380.0,,1,Mobile,459946.5403512318
280,38,F,Bukhara,8,244115.0,404.0,99.0,1,Mobile,1378237.1399008846
281,37,M,Bukhara,45,128532.0,95.0,48.0,0,Mobile,5716303.396508702
282,25,F,Samarkand,23,,162.0,98.0,0,Mobile,4635204.539198116
283,24,M,,47,177626.0,78.0,10.0,0,Desktop,9024591.070701504
284,20,F,Tashkent,40,183943.0,4.0,99.0,0,Mobile,6021513.344495621
285,34,F,Bukhara,12,96002.0,315.0,,1,Desktop,2371857.6624200596
286,50,F,Namangan,12,99812.0,119.0,11.0,0,Desktop,1183938.8429104425
287,29,F,Samarkand,46,203698.0,,85.0,1,Desktop,9072574.14056629
288,39,F,Samarkand,47,241051.0,177.0,21.0,0,Mobile,10413199.900345726
289,39,M,Andijan,15,257129.0,175.0,86.0,0,Desktop,4975092.7959874645
290,47,F,Namangan,41,158946.0,389.0,45.0,0,Mobile,6059423.865966041
291,55,F,Namangan,19,116668.0,216.0,7.0,1,Desktop,1157443.440505517
292,55,F,Samarkand,26,149003.0,55.0,81.0,1,Desktop,4953041.319008119
293,25,M,Tashkent,29,261142.0,365.0,64.0,0,Mobile,6851312.186505342
294,44,F,Andijan,22,270462.0,186.0,,1,Desktop,5948681.6858555125
295,44,M,Namangan,40,92998.0,231.0,2.0,0,Desktop,4654223.775737263
296,51,F,Samarkand,21,244886.0,254.0,76.0,0,Desktop,5427563.602780954
297,38,F,Namangan,38,154601.0,412.0,42.0,0,Desktop,7811689.5458699735
298,47,M,,20,226679.0,454.0,82.0,1,Mobile,3925629.631712322
299,50,F,Andijan,29,57812.0,103.0,54.0,0,Desktop,1517536.663400259
300,45,M,Bukhara,4,111844.0,76.0,75.0,0,Desktop,352197.8597323182
301,50,M,Samarkand,7,251165.0,229.0,16.0,0,Mobile,2493889.952573995
302,22,F,Andijan,28,183251.0,401.0,,1,Desktop,6620151.127838094
303,36,M,Bukhara,28,224870.0,257.0,99.0,0,Desktop,6498476.509628697
304,21,F,Bukhara,4,,263.0,59.0,1,Desktop,492240.1696397157
305,52,F,Namangan,22,,330.0,90.0,0,Desktop,2847642.1321701347
306,34,M,Namangan,12,231646.0,480.0,16.0,1,Mobile,3132133.189796695
307,45,M,Bukhara,45,97857.0,181.0,6.0,0,Desktop,3843764.9900035467
308,47,M,Namangan,3,175555.0,380.0,57.0,0,Mobile,1335101.3105987697
309,46,M,Andijan,22,282556.0,255.0,47.0,1,Desktop,5934047.810781972
310,23,F,Tashkent,44,70700.0,37.0,48.0,1,Desktop,2888661.9456299287
311,52,F,Andijan,2,220536.0,175.0,42.0,0,Desktop,-931696.0145835695
312,58,M,Bukhara,24,223423.0,26.0,76.0,1,Mobile,3563699.9162374614
313,54,F,Bukhara,34,143330.0,275.0,60.0,0,Desktop,6871707.040183611
314,41,F,Andijan,27,,139.0,77.0,0,Desktop,7634740.909565276
315,46,F,Namangan,41,263606.0,298.0,4.0,0,Mobile,11361181.477630608
316,48,F,Namangan,1,194941.0,444.0,2.0,1,Mobile,-495353.9631827532
317,52,M,Bukhara,8,241387.0,286.0,90.0,0,Mobile,2949619.6071786126
318,50,M,Samarkand,23,291133.0,90.0,59.0,1,Mobile,7436198.89590436
319,38,F,Namangan,38,274760.0,479.0,27.0,0,Desktop,9877952.80557719
320,49,M,Andijan,6,202026.0,60.0,27.0,1,Desktop,182650.5641546133
321,40,M,Namangan,22,212627.0,457.0,79.0,1,Desktop,4173766.3161727274
322,50,M,Andijan,25,113353.0,450.0,72.0,0,Desktop,3030542.351292888
323,20,F,Bukhara,18,263262.0,364.0,7.0,1,Mobile,5087823.003140225
324,35,F,Namangan,17,226098.0,346.0,63.0,0,Desktop,4055060.008238651
325,42,F,Andijan,12,150772.0,162.0,46.0,0,Desktop,3188994.108640204
326,59,M,Bukhara,6,228048.0,350.0,63.0,0,Desktop,828331.1499039417
327,48,F,Samarkand,26,261650.0,142.0,12.0,0,Desktop,5787238.00897108
328,20,F,Andijan,27,141502.0,399.0,13.0,0,Mobile,4020153.0218518204
329,57,M,,8,163943.0,252.0,43.0,1,Desktop,-255540.8158309462
330,41,F,Samarkand,19,159850.0,268.0,17.0,0,Desktop,3866887.498510618
331,49,F,Tashkent,42,95095.0,368.0,63.0,1,Desktop,4275953.264476127
332,39,M,Namangan,1,195342.0,290.0,81.0,1,Mobile,2303.9590900538606
333,40,M,Andijan,29,211980.0,499.0,36.0,0,Mobile,6003367.12675086
334,19,M,Samarkand,45,65523.0,458.0,85.0,1,Desktop,4087530.7821212327
335,44,F,,49,,,8.0,0,Desktop,6480364.935338531
336,59,F,Bukhara,35,228140.0,404.0,69.0,1,Desktop,7940528.141586646
337,19,F,Andijan,40,69991.0,498.0,90.0,1,Mobile,3640408.823557879
338,43,M,Samarkand,14,60775.0,437.0,80.0,1,Desktop,1932720.4618403383
339,34,M,Namangan,35,258873.0,458.0,36.0,0,Desktop,9625081.225624712
340,57,F,,48,134995.0,413.0,28.0,1,Desktop,6480794.980371275
341,50,F,Samarkand,45,,303.0,93.0,0,Mobile,11437157.7074906
342,26,M,Namangan,20,197745.0,290.0,47.0,1,Desktop,3060813.357070625
343,56,M,Samarkand,49,172808.0,,76.0,1,Desktop,8581197.569293926
344,46,M,Andijan,13,208128.0,165.0,30.0,1,Mobile,2555037.744373743
345,59,M,Andijan,38,187686.0,414.0,23.0,1,Mobile,6949202.376206532
346,43,F,Andijan,49,282628.0,461.0,16.0,0,Desktop,12352750.988136569
347,52,M,Tashkent,46,57415.0,407.0,14.0,0,Mobile,1816992.248587571
348,42,F,Andijan,49,269763.0,113.0,74.0,1,Desktop,12788992.175874619
349,41,F,Namangan,8,296038.0,432.0,71.0,1,Mobile,3479343.1806387566
350,30,F,Samarkand,43,224956.0,479.0,52.0,0,Mobile,10198431.490403987
351,24,M,Bukhara,20,,355.0,,0,Desktop,5077894.248027902
352,53,M,Namangan,33,218798.0,415.0,,0,Desktop,8670747.38240013
353,37,M,Namangan,26,,182.0,67.0,0,Desktop,2683453.1452494953
354,18,M,Andijan,39,238221.0,206.0,15.0,1,Mobile,9533912.410680298
355,25,F,Tashkent,21,218616.0,255.0,47.0,1,Desktop,3745442.0033147894
356,33,M,Samarkand,49,99976.0,234.0,46.0,0,Desktop,7002495.26457331
357,31,M,Tashkent,42,213324.0,441.0,52.0,0,Desktop,7762263.928289809
358,29,F,Samarkand,43,53832.0,354.0,,0,Desktop,2610510.088208495
359,40,M,Samarkand,41,271883.0,2.0,77.0,0,Desktop,11981002.003545381
360,32,F,Tashkent,9,261509.0,207.0,21.0,0,Mobile,3303818.5775313377
361,45,F,Namangan,24,284821.0,196.0,64.0,0,Desktop,5778614.909560677
362,51,F,Samarkand,37,84148.0,340.0,37.0,1,Desktop,2863572.9971324094
363,19,F,Tashkent,49,242312.0,124.0,27.0,1,Mobile,11136333.227882337
364,49,F,Samarkand,41,289241.0,137.0,55.0,1,Desktop,9946946.77043398
365,40,F,Bukhara,17,269526.0,338.0,29.0,0,Desktop,4881268.741744962
366,39,F,Namangan,24,,,20.0,0,Desktop,3187904.6037600227
367,42,F,Andijan,21,135076.0,67.0,25.0,0,Desktop,4375578.284711346
368,39,M,Samarkand,39,258188.0,60.0,70.0,1,Desktop,10714506.438188672
369,39,M,Bukhara,41,234531.0,28.0,63.0,0,Mobile,9671172.950214107
370,59,M,Andijan,39,88402.0,382.0,36.0,0,Mobile,3165978.467629131
371,23,M,Andijan,13,238799.0,18.0,2.0,1,Mobile,3228503.0697856746
372,32,F,Samarkand,11,88578.0,170.0,22.0,0,Desktop,803484.1840842201
373,54,M,Tashkent,46,140453.0,449.0,96.0,1,Mobile,6754877.108893109
374,50,F,Samarkand,19,203390.0,73.0,16.0,1,Desktop,5802545.770831969
375,25,M,Bukhara,11,125715.0,60.0,18.0,0,Desktop,348108.84465232235
376,22,M,Andijan,13,258859.0,426.0,69.0,1,Desktop,3409525.1313517266
377,56,M,Samarkand,46,161435.0,152.0,54.0,0,Mobile,8208398.400302224
378,21,F,Tashkent,45,266101.0,275.0,30.0,1,Mobile,11711904.158214176
379,23,M,Samarkand,1,201538.0,47.0,45.0,0,Mobile,1805579.8406083696
380,49,F,Namangan,40,145742.0,210.0,19.0,1,Desktop,6613139.153011838
381,47,F,Tashkent,44,95475.0,342.0,87.0,0,Mobile,3653009.5848303763
382,52,M,Bukhara,19,110142.0,407.0,34.0,1,Desktop,2500266.7022749824
383,57,M,Andijan,12,266232.0,138.0,13.0,1,Mobile,2559175.2658121986
384,33,M,,8,207636.0,109.0,,1,Mobile,918929.6856459053
385,30,F,Tashkent,8,203484.0,481.0,62.0,0,Desktop,1728174.020290419
386,59,M,Namangan,45,143526.0,182.0,93.0,0,Desktop,7813431.161901781
387,47,F,Tashkent,12,101001.0,27.0,22.0,1,Mobile,1970957.0397847167
388,36,F,Namangan,48,,196.0,52.0,0,Mobile,5242574.393502744
389,34,M,Bukhara,33,242029.0,190.0,52.0,1,Mobile,8863143.194802392
390,36,M,Andijan,45,216589.0,314.0,36.0,0,Desktop,10172123.710415829
391,45,F,Bukhara,26,194228.0,388.0,73.0,1,Desktop,4074034.9743747124
392,43,F,Samarkand,39,204136.0,50.0,,0,Mobile,7841166.380811689
393,54,F,Tashkent,28,75711.0,148.0,38.0,1,Mobile,2120748.4040185343
394,43,M,Namangan,5,80106.0,267.0,70.0,1,Desktop,1295720.3369259625
395,40,F,Namangan,8,115458.0,49.0,79.0,1,Mobile,381693.49939790333
396,26,M,Tashkent,25,197661.0,387.0,57.0,1,Desktop,4222360.424339229
397,29,F,Tashkent,27,270344.0,245.0,,0,Desktop,7376241.043213193
398,18,F,Samarkand,46,180429.0,112.0,9.0,1,Desktop,7710309.496005448
399,18,M,Bukhara,23,267583.0,169.0,32.0,0,Desktop,5915399.780416364
400,51,F,Namangan,30,151754.0,467.0,4.0,0,Desktop,4705240.427108874
401,49,M,Samarkand,45,188286.0,165.0,50.0,1,Desktop,81723258.36275545
402,42,M,Bukhara,47,277189.0,408.0,82.0,0,Mobile,14195065.742852816
403,57,F,Samarkand,23,266803.0,13.0,5.0,0,Desktop,7557264.106004422
404,18,M,Namangan,49,291190.0,202.0,20.0,0,Desktop,15232220.742958214
405,33,M,Tashkent,47,176479.0,,87.0,1,Mobile,6666815.834845137
406,56,F,Tashkent,20,208199.0,394.0,75.0,0,Desktop,3719006.337698166
407,22,M,Bukhara,18,186213.0,188.0,37.0,0,Mobile,3267181.8809678047
408,39,M,Andijan,18,,401.0,22.0,1,Desktop,-225861.25935007608
409,46,M,Bukhara,2,271493.0,154.0,58.0,1,Mobile,-255905.7171492806
410,20,F,Andijan,4,52708.0,54.0,68.0,0,Mobile,46402.03076744973
411,29,M,Samarkand,30,68375.0,181.0,93.0,1,Desktop,1692775.9188709385
412,43,F,Samarkand,33,65088.0,209.0,44.0,0,Desktop,2261054.1773089184
413,33,F,Namangan,36,107615.0,375.0,34.0,0,Desktop,2680811.6387230456
414,54,M,Andijan,18,160138.0,470.0,77.0,0,Desktop,2657201.6492831637
415,39,M,Namangan,37,226118.0,74.0,42.0,1,Mobile,8555275.750726579
416,46,M,Tashkent,19,60014.0,276.0,9.0,0,Mobile,1288467.4714248702
417,31,F,Andijan,47,245497.0,427.0,95.0,1,Mobile,12198752.577647883
418,45,M,Bukhara,28,184345.0,132.0,7.0,1,Desktop,5616234.361997534
419,22,M,Tashkent,40,228207.0,,68.0,0,Mobile,8892173.031245835
420,47,M,Tashkent,20,152842.0,424.0,19.0,1,Desktop,3388958.8830751223
421,22,M,Bukhara,49,211953.0,58.0,94.0,1,Desktop,9614703.905304963
422,29,M,Tashkent,33,278094.0,344.0,,1,Mobile,9078873.680972712
423,33,F,Andijan,12,128077.0,488.0,35.0,1,Desktop,725306.5280502939
424,43,F,Namangan,15,189784.0,181.0,57.0,1,Mobile,40026844.32276258
425,43,M,Tashkent,41,255776.0,457.0,85.0,0,Desktop,10441821.699469268
426,38,M,Andijan,39,102874.0,405.0,,1,Mobile,5278529.446228063
427,56,M,Samarkand,2,119087.0,338.0,31.0,0,Desktop,718670.0686884455
428,53,M,Andijan,29,,320.0,83.0,0,Mobile,1080950.7383437688
429,50,F,Namangan,41,290341.0,63.0,95.0,0,Mobile,12186587.59900152
430,47,M,Andijan,10,77128.0,326.0,53.0,0,Desktop,1743998.2650878448
431,54,F,Bukhara,2,118368.0,259.0,32.0,0,Desktop,288655.20839748654
432,40,F,Namangan,11,275091.0,192.0,66.0,0,Mobile,3196030.3523412384
433,27,M,Samarkand,13,268671.0,142.0,59.0,1,Desktop,3012265.691644922
434,22,F,Bukhara,10,269571.0,103.0,10.0,1,Desktop,2771313.2264773473
435,53,F,Andijan,14,128958.0,459.0,2.0,1,Desktop,2272810.1888021417
436,51,F,Namangan,18,82920.0,405.0,66.0,0,Mobile,1116244.1858814897
437,48,F,Samarkand,9,192228.0,213.0,60.0,1,Mobile,757256.0633203457
438,27,M,,39,192180.0,241.0,88.0,1,Desktop,8903490.499583194
439,36,M,Samarkand,28,212917.0,430.0,17.0,1,Desktop,6780796.505984741
440,49,F,Andijan,3,183872.0,208.0,96.0,0,Mobile,107957.89462861582
441,18,M,Samarkand,20,284686.0,92.0,16.0,1,Desktop,5959377.257158055
442,22,M,Tashkent,6,223784.0,429.0,16.0,0,Mobile,78625.33232701104
443,21,M,Bukhara,27,183682.0,141.0,46.0,1,Desktop,3052843.026089644
444,33,M,Samarkand,2,127603.0,433.0,,0,Desktop,1555839.087477801
445,41,M,Andijan,29,83872.0,403.0,31.0,0,Desktop,2863339.140261541
446,33,F,Andijan,38,60728.0,433.0,88.0,0,Mobile,2476461.530515384
447,19,M,Samarkand,3,145102.0,111.0,1.0,1,Mobile,723463.2048129529
448,45,M,Andijan,16,276391.0,416.0,11.0,1,Mobile,7856387.658919701
449,49,M,Namangan,30,172049.0,374.0,85.0,0,Mobile,6217565.286245325
450,44,M,,40,70583.0,58.0,4.0,1,Desktop,1806879.7336251931
451,37,F,Namangan,2,135774.0,42.0,71.0,0,Desktop,-1387828.3919203249
452,41,F,Tashkent,17,188335.0,206.0,26.0,0,Mobile,4359230.763359416
453,29,F,Samarkand,41,176374.0,267.0,50.0,1,Desktop,8220929.854230007
454,52,F,Tashkent,12,248522.0,295.0,12.0,1,Desktop,3704824.767550441
455,50,M,,35,270357.0,117.0,95.0,1,Mobile,8708115.969100608
456,50,F,Tashkent,43,200528.0,19.0,81.0,0,Desktop,8995489.389883975
457,54,M,,1,141118.0,221.0,,0,Desktop,-471727.1687434653
458,29,M,Andijan,45,115942.0,165.0,75.0,1,Mobile,5962671.886020961
459,20,M,Bukhara,15,63689.0,130.0,92.0,0,Desktop,2002991.9072723414
460,18,M,Namangan,26,214006.0,155.0,96.0,1,Desktop,5098183.241170465
461,50,M,Andijan,37,83276.0,183.0,65.0,0,Desktop,4304522.161215424
462,57,F,Bukhara,21,,89.0,47.0,1,Mobile,6405193.39956271
463,27,F,Namangan,49,151968.0,93.0,92.0,1,Mobile,7984805.2124419855
464,46,F,Andijan,31,200945.0,12.0,53.0,0,Desktop,4925661.636309195
465,30,F,Andijan,25,63050.0,460.0,71.0,1,Desktop,2038464.5059548996
466,29,M,Tashkent,23,116216.0,321.0,2.0,1,Desktop,2157883.6125853322
467,48,F,Tashkent,24,265516.0,292.0,24.0,0,Mobile,6993017.454014174
468,19,M,Namangan,38,134040.0,432.0,4.0,1,Mobile,6776682.669651262
469,52,F,Andijan,28,71644.0,229.0,19.0,0,Mobile,2410052.2093163524
470,40,M,Samarkand,21,112021.0,321.0,26.0,1,Desktop,1612086.0935668163
471,34,M,Tashkent,43,218197.0,291.0,75.0,0,Desktop,10154437.091777585
472,43,F,Namangan,18,247971.0,437.0,40.0,1,Desktop,5083766.7457877165
473,25,M,Andijan,36,92291.0,25.0,50.0,1,Desktop,5393577.746400309
474,46,M,Andijan,35,216132.0,74.0,43.0,1,Desktop,7855587.960900944
475,43,F,Samarkand,45,182610.0,455.0,75.0,1,Mobile,7859475.008775932
476,27,M,Namangan,9,217248.0,363.0,67.0,0,Desktop,2907373.2256463775
477,43,F,Andijan,38,91520.0,,12.0,0,Desktop,3561581.9276944064
478,51,F,Tashkent,30,75675.0,298.0,67.0,0,Desktop,2499500.9897117736
479,58,F,Samarkand,44,199359.0,149.0,,0,Mobile,7917819.969624448
480,24,M,Namangan,34,,147.0,54.0,0,Desktop,1656981.1871965865
481,21,M,Samarkand,32,142268.0,7.0,66.0,0,Mobile,4586880.697490436
482,28,M,Tashkent,3,84998.0,28.0,49.0,0,Mobile,140645.3242631222
483,46,F,Namangan,3,283663.0,295.0,16.0,1,Mobile,407601.6375691787
484,53,M,Samarkand,28,234384.0,473.0,2.0,1,Mobile,7087481.130345295
485,42,F,Bukhara,44,193184.0,413.0,60.0,1,Mobile,7783123.583158166
486,38,F,Tashkent,15,155410.0,208.0,54.0,1,Desktop,1276155.399476005
487,53,M,Tashkent,41,125225.0,127.0,30.0,0,Desktop,5907261.170726441
488,27,F,Tashkent,23,94814.0,339.0,84.0,0,Mobile,2967972.1780872843
489,54,M,Bukhara,40,135091.0,115.0,38.0,0,Mobile,4153535.519319648
490,26,M,Bukhara,11,100719.0,438.0,28.0,1,Mobile,-502646.0464324625
491,41,M,Andijan,48,,143.0,25.0,0,Desktop,7697333.954603432
492,52,M,Samarkand,32,83919.0,429.0,96.0,1,Desktop,27716090.05526802
493,52,M,Andijan,36,123155.0,317.0,10.0,0,Mobile,5746429.574765506
494,53,F,Samarkand,33,121569.0,234.0,60.0,0,Desktop,3976032.43218748
495,35,F,Bukhara,24,91328.0,6.0,42.0,0,Desktop,1425510.9512719684
496,56,F,Bukhara,39,251554.0,463.0,40.0,0,Mobile,10190692.229083061
497,49,M,Andijan,34,74618.0,44.0,97.0,1,Mobile,2444995.8847504193
498,41,M,,28,84675.0,442.0,77.0,1,Desktop,1210892.692547002
499,40,M,Andijan,37,282866.0,238.0,42.0,0,Desktop,9209979.115081288
500,49,F,Samarkand,7,,439.0,47.0,1,Desktop,-646264.5021152934
501,54,M,Andijan,4,54173.0,431.0,37.0,0,Mobile,2912043.5349079366
502,29,F,Tashkent,37,159369.0,154.0,80.0,0,Mobile,6833634.440273613
503,30,F,Samarkand,1,76400.0,180.0,22.0,0,Mobile,-427316.05853536236
504,40,M,Samarkand,1,231517.0,214.0,57.0,0,Desktop,1446783.8228289317
505,42,M,Namangan,47,120305.0,87.0,84.0,1,Desktop,5129778.712338535
506,52,F,Bukhara,20,218636.0,255.0,27.0,0,Mobile,5575400.396973729
507,58,M,,19,226886.0,72.0,41.0,0,Desktop,4427140.457069455
508,47,F,Bukhara,29,260819.0,418.0,80.0,1,Mobile,7113899.750202702
509,34,M,Andijan,10,138791.0,178.0,34.0,0,Desktop,2156730.34582897
510,37,M,Tashkent,18,209034.0,211.0,32.0,1,Mobile,4005631.572723685
511,42,F,Namangan,28,265964.0,292.0,90.0,0,Desktop,7991259.772179326
512,39,M,Bukhara,35,266914.0,233.0,89.0,0,Desktop,9673997.02318411
513,30,F,Samarkand,43,120533.0,464.0,66.0,0,Mobile,5619933.772870928
514,36,M,Bukhara,47,237256.0,238.0,,0,Mobile,12070585.888086746
515,53,F,Samarkand,31,263984.0,222.0,40.0,0,Mobile,10878310.848817667
516,29,F,Bukhara,27,287488.0,118.0,73.0,0,Mobile,9069967.900549557
517,58,M,Samarkand,11,153591.0,312.0,76.0,1,Mobile,2065146.1602830454
518,36,F,Andijan,49,191650.0,263.0,90.0,0,Desktop,9211743.085100427
519,29,M,Samarkand,49,181060.0,206.0,,1,Mobile,8774205.081998007
520,26,M,Samarkand,38,199696.0,94.0,10.0,1,Mobile,6379318.70538955
521,24,M,Tashkent,5,297236.0,372.0,96.0,0,Mobile,2336723.542553216
522,45,F,Samarkand,8,89194.0,221.0,98.0,1,Mobile,-190870.6916583425
523,31,F,Tashkent,34,159903.0,365.0,48.0,0,Mobile,5246747.687950737
524,48,M,Namangan,48,181461.0,,20.0,1,Desktop,9517976.702902
525,36,M,Tashkent,12,149303.0,379.0,39.0,0,Mobile,1743810.696203474
526,33,F,Andijan,38,292188.0,230.0,60.0,1,Mobile,10725856.009470748
527,22,M,Tashkent,1,163903.0,308.0,66.0,1,Mobile,-879577.6861056432
528,52,M,Namangan,31,117391.0,118.0,65.0,0,Desktop,4903447.7323048115
529,29,F,Andijan,4,287501.0,267.0,51.0,1,Desktop,450282.134547121
530,42,M,Bukhara,49,194866.0,432.0,36.0,0,Mobile,9178558.17305205
531,38,F,Bukhara,45,108002.0,272.0,24.0,0,Mobile,3204360.5801661387
532,53,M,Tashkent,5,85531.0,63.0,27.0,0,Desktop,439293.95219209976
533,40,F,Tashkent,30,233887.0,297.0,2.0,0,Desktop,6831815.113638441
534,33,M,Namangan,24,54986.0,349.0,31.0,0,Desktop,1676021.9169684132
535,56,M,Namangan,3,82298.0,412.0,,1,Mobile,-721737.6769575735
536,59,F,Samarkand,11,51481.0,402.0,,1,Mobile,1501471.7935351357
537,56,M,Namangan,45,106408.0,493.0,66.0,1,Desktop,3195649.447153884
538,31,F,Samarkand,4,250339.0,10.0,29.0,0,Mobile,914178.5000175942
539,48,M,Andijan,26,171950.0,,15.0,1,Desktop,4634688.283139584
540,22,F,Tashkent,27,197907.0,433.0,12.0,1,Desktop,5617763.006706085
541,52,F,Andijan,46,175355.0,70.0,28.0,1,Desktop,8259084.871160268
542,40,F,Namangan,43,77798.0,363.0,84.0,1,Mobile,43154856.84260867
543,46,F,Andijan,27,141649.0,57.0,24.0,1,Desktop,5177721.70497305
544,28,M,Andijan,42,114887.0,289.0,21.0,0,Desktop,4814146.0716870595
545,35,M,Andijan,6,69477.0,250.0,10.0,0,Mobile,-425980.6351396135
546,29,F,Namangan,15,198338.0,275.0,78.0,1,Desktop,3673287.2822927563
547,26,F,Andijan,30,267400.0,49.0,18.0,0,Mobile,7766260.615255808
548,27,F,Samarkand,42,267060.0,357.0,88.0,0,Desktop,12659639.711622179
549,34,M,Namangan,37,177815.0,215.0,,1,Mobile,6084688.385627874
550,55,M,Andijan,37,224598.0,393.0,34.0,1,Desktop,7648615.111367219
551,24,M,Namangan,42,299037.0,415.0,58.0,0,Desktop,12910847.750952676
552,30,M,Bukhara,37,295687.0,51.0,76.0,1,Desktop,9225501.208763007
553,57,F,Samarkand,35,287942.0,270.0,22.0,0,Desktop,9745541.286241716
554,59,F,Andijan,23,177426.0,,70.0,0,Desktop,3992957.4233916514
555,26,F,,6,192961.0,83.0,36.0,1,Mobile,1419738.3207726823
556,44,M,Bukhara,4,74335.0,386.0,45.0,0,Mobile,-505932.09627019905
557,19,M,Namangan,18,192326.0,292.0,36.0,0,Desktop,2728367.5277320486
558,22,M,Bukhara,9,136610.0,125.0,22.0,0,Desktop,2448903.6906963997
559,46,F,Samarkand,49,61442.0,295.0,78.0,1,Desktop,3144696.545414348
560,54,F,Samarkand,29,96289.0,71.0,80.0,1,Mobile,3692518.1839029607
561,55,M,,13,103747.0,295.0,61.0,1,Mobile,954423.5986165372
562,36,F,Samarkand,47,87327.0,235.0,56.0,1,Desktop,4167418.037579125
563,25,M,Bukhara,17,197271.0,55.0,89.0,0,Mobile,3595641.4270292134
564,18,M,Samarkand,45,122827.0,406.0,96.0,1,Desktop,7477769.907623263
565,39,F,Namangan,32,156464.0,359.0,33.0,1,Desktop,4968729.819828519
566,34,M,Tashkent,48,181184.0,394.0,45.0,1,Desktop,8727563.10627962
567,24,F,Bukhara,22,137051.0,109.0,36.0,1,Mobile,4167775.027736738
568,42,M,Tashkent,4,200653.0,191.0,20.0,0,Desktop,518300.56151491264
569,21,F,Bukhara,5,295300.0,391.0,18.0,0,Desktop,1956629.1916727535
570,53,F,Namangan,37,109722.0,92.0,38.0,0,Desktop,5116673.206419032
571,23,F,Tashkent,41,,349.0,67.0,1,Mobile,5422134.12830106
572,48,M,Andijan,49,278634.0,55.0,23.0,1,Mobile,14021028.446483657
573,36,M,Bukhara,13,197595.0,59.0,96.0,0,Mobile,4343785.710145013
574,56,F,Andijan,34,116960.0,137.0,16.0,1,Desktop,4966458.0488381535
575,44,F,Tashkent,45,298709.0,38.0,59.0,1,Mobile,13745838.069684811
576,27,M,Andijan,22,69552.0,27.0,69.0,0,Desktop,1319322.6881673667
577,43,M,Andijan,23,191880.0,48.0,68.0,0,Mobile,3832921.718725162
578,36,M,Tashkent,3,285419.0,419.0,21.0,1,Desktop,77571.07676419278
579,56,F,Namangan,42,253597.0,124.0,78.0,1,Mobile,12222697.959965678
580,20,M,Andijan,34,204692.0,12.0,95.0,1,Desktop,8280999.0453699995
581,30,M,Andijan,32,285637.0,479.0,78.0,0,Mobile,8722769.522459423
582,45,F,Namangan,45,50887.0,35.0,70.0,0,Mobile,2645101.998078139
583,37,M,Andijan,49,81802.0,100.0,12.0,0,Mobile,4169624.498506311
584,45,M,Andijan,21,135024.0,281.0,16.0,0,Desktop,4160419.4613240734
585,25,M,Andijan,46,276621.0,85.0,81.0,1,Mobile,13149867.19830135
586,58,F,Samarkand,44,295809.0,3.0,87.0,0,Mobile,12994277.239269651
587,56,F,Namangan,21,168639.0,222.0,14.0,0,Mobile,3110733.3977043196
588,18,F,Andijan,44,168248.0,337.0,61.0,1,Mobile,7912279.845125827
589,20,F,Namangan,11,131938.0,447.0,71.0,1,Desktop,1326635.4290373796
590,30,F,Bukhara,39,267813.0,,46.0,1,Mobile,10747891.945129842
591,45,F,Bukhara,4,172746.0,382.0,32.0,0,Desktop,806012.920541686
592,42,F,Andijan,1,76049.0,343.0,15.0,1,Desktop,-124942.87987014692
593,50,M,Namangan,28,127789.0,382.0,44.0,1,Desktop,2796351.226368181
594,55,M,Namangan,24,134526.0,375.0,17.0,0,Desktop,3930319.252747301
595,23,F,Namangan,35,188918.0,470.0,41.0,0,Mobile,6889700.3413790325
596,49,M,Samarkand,13,271635.0,277.0,54.0,1,Desktop,5457175.855466427
597,38,M,Bukhara,47,285808.0,129.0,44.0,0,Desktop,12465131.161622392
598,33,F,Namangan,34,96220.0,30.0,98.0,1,Desktop,3911778.192232991
599,38,M,Namangan,11,96163.0,374.0,5.0,1,Desktop,1162146.5319733592
600,28,M,Samarkand,36,184837.0,10.0,27.0,0,Mobile,8758890.398326557
601,54,M,Samarkand,17,167126.0,475.0,87.0,1,Mobile,3627613.9170614667
602,53,M,Namangan,35,131486.0,301.0,78.0,0,Desktop,5077198.581635084
603,52,M,Tashkent,18,226342.0,95.0,79.0,0,Desktop,4041553.5650261804
604,36,F,Namangan,40,125277.0,189.0,43.0,0,Desktop,4402458.9453343805
605,37,F,Namangan,22,269350.0,452.0,97.0,1,Mobile,6463092.79264093
606,35,F,Samarkand,24,271311.0,191.0,31.0,0,Mobile,5224661.390863238
607,58,M,Samarkand,19,154245.0,485.0,99.0,0,Mobile,1836870.911415029
608,31,F,Namangan,37,,265.0,17.0,1,Mobile,7521222.436829495
609,32,M,,39,284231.0,423.0,92.0,1,Mobile,9534384.860955935
610,48,M,Namangan,21,72931.0,127.0,,1,Desktop,1275477.4417091627
611,18,M,Samarkand,8,139116.0,237.0,54.0,1,Mobile,182301.5087410414
612,20,M,Namangan,28,,407.0,62.0,0,Mobile,2758753.3076103367
613,33,F,Namangan,5,261774.0,354.0,87.0,0,Desktop,1670415.3023393461
614,40,F,Andijan,17,101913.0,427.0,32.0,0,Mobile,2930576.2909641727
615,28,M,Tashkent,37,144776.0,111.0,40.0,1,Mobile,6629845.589732721
616,29,F,Bukhara,36,75991.0,315.0,13.0,1,Mobile,1974222.7808411778
617,27,M,,19,235917.0,445.0,84.0,0,Desktop,4238961.063373236
618,49,F,Andijan,27,154092.0,342.0,35.0,1,Mobile,8384034.122211956
619,33,F,Bukhara,34,279577.0,144.0,5.0,1,Desktop,9327603.314064639
620,25,M,Namangan,11,236384.0,64.0,73.0,0,Desktop,1750013.2040040952
621,55,F,Andijan,45,191633.0,246.0,29.0,0,Mobile,8030684.237258561
622,29,M,Namangan,47,197973.0,222.0,70.0,1,Mobile,9171591.08369067
623,41,F,Samarkand,12,287113.0,478.0,25.0,1,Mobile,3291618.6372115407
624,45,M,Andijan,21,145556.0,489.0,95.0,1,Mobile,3066805.8768051304
625,25,M,Samarkand,11,112875.0,312.0,22.0,0,Desktop,1376198.446273436
626,45,F,Andijan,39,206989.0,438.0,66.0,0,Mobile,8263163.137706836
627,53,F,,28,,105.0,45.0,0,Desktop,2236373.502728806
628,43,M,Samarkand,5,183060.0,180.0,69.0,0,Desktop,1374631.021156131
629,25,F,Bukhara,17,294817.0,183.0,91.0,0,Desktop,5224435.949880684
630,45,F,Tashkent,20,160041.0,225.0,89.0,1,Desktop,3809901.6705499263
631,45,M,,41,178467.0,264.0,72.0,1,Desktop,5734692.946274843
632,54,M,Andijan,46,195328.0,277.0,1.0,1,Mobile,9280432.243691478
633,58,F,Namangan,12,168490.0,396.0,84.0,0,Desktop,234283.68409798364
634,53,M,Samarkand,6,268800.0,88.0,44.0,0,Desktop,1481229.1055234196
635,44,M,Namangan,17,176155.0,175.0,87.0,0,Mobile,3740071.2927530757
636,34,M,Samarkand,19,78230.0,17.0,96.0,1,Mobile,2540649.151602365
637,26,F,Namangan,26,286538.0,370.0,75.0,0,Desktop,7969448.064097005
638,50,F,Tashkent,48,109778.0,459.0,39.0,0,Desktop,6174234.735292989
639,37,M,Tashkent,44,95833.0,423.0,54.0,1,Mobile,4129147.0379175404
640,30,F,Tashkent,44,72625.0,400.0,88.0,0,Desktop,2886332.2300750376
641,45,M,Tashkent,32,82088.0,398.0,75.0,1,Mobile,5518574.162523726
642,46,F,Tashkent,6,260722.0,105.0,29.0,0,Mobile,2443992.3118652105
643,30,M,Tashkent,36,222239.0,270.0,54.0,0,Desktop,6962620.148534607
644,52,M,Samarkand,38,153937.0,462.0,90.0,1,Mobile,4345942.07846701
645,23,F,Andijan,11,252363.0,318.0,16.0,1,Desktop,2469923.5509364246
646,35,M,Namangan,33,246375.0,166.0,99.0,1,Desktop,9405243.506308665
647,22,F,Tashkent,24,126361.0,12.0,20.0,1,Desktop,3087403.1540287677
648,42,F,Samarkand,23,138229.0,336.0,46.0,1,Mobile,1123247.1776387147
649,19,M,Samarkand,15,185189.0,31.0,67.0,1,Desktop,2616041.576810092
650,27,M,Samarkand,27,140265.0,392.0,65.0,0,Mobile,3980753.4497514484
651,47,F,Andijan,11,147718.0,39.0,58.0,0,Desktop,-771269.3794654803
652,22,M,Namangan,17,110710.0,147.0,53.0,1,Desktop,1979736.1520501901
653,50,M,Andijan,14,,217.0,1.0,0,Mobile,2952103.992408676
654,18,M,Bukhara,27,144876.0,218.0,,1,Desktop,2185105.5892116847
655,35,M,Samarkand,18,,,66.0,0,Desktop,6304775.580165401
656,49,M,,28,80949.0,81.0,29.0,1,Mobile,1249469.799215072
657,28,F,Tashkent,47,203619.0,332.0,84.0,0,Mobile,9068808.26454372
658,38,F,Tashkent,47,262954.0,207.0,70.0,0,Mobile,11781755.113933321
659,43,M,Andijan,4,118136.0,200.0,8.0,0,Desktop,574782.7509243026
660,42,M,Namangan,7,161541.0,446.0,29.0,0,Mobile,3120097.6070558736
661,39,M,Bukhara,45,297955.0,331.0,51.0,0,Mobile,12377288.129764069
662,44,F,Namangan,35,245691.0,427.0,33.0,1,Desktop,8505881.485551406
663,30,M,Andijan,48,,37.0,3.0,1,Mobile,5507777.879026398
664,50,F,Tashkent,9,275875.0,210.0,60.0,1,Desktop,1719083.2528404945
665,51,F,Namangan,8,282930.0,443.0,35.0,0,Desktop,2162053.5954213934
666,58,F,Namangan,45,76990.0,326.0,69.0,1,Mobile,4222049.806749557
667,52,M,Tashkent,17,197265.0,248.0,91.0,0,Desktop,2721800.0132935075
668,18,F,,17,80109.0,226.0,76.0,0,Mobile,1136210.4912698206
669,38,M,Tashkent,49,180356.0,,84.0,0,Mobile,8429590.073080715
670,23,F,Namangan,33,200305.0,17.0,20.0,1,Mobile,6514758.318865662
671,45,M,Bukhara,32,294629.0,399.0,73.0,0,Mobile,9870779.714623243
672,34,F,Bukhara,8,262802.0,438.0,39.0,1,Desktop,2907976.7681068787
673,22,M,Tashkent,19,178133.0,294.0,4.0,1,Desktop,5469081.301962337
674,48,F,Namangan,38,,195.0,19.0,0,Mobile,5631139.568145788
675,22,M,Andijan,3,51306.0,186.0,91.0,0,Mobile,79526.6607945583
676,55,M,Namangan,5,53849.0,344.0,45.0,1,Desktop,-923191.0722421929
677,20,M,Samarkand,13,62360.0,223.0,43.0,1,Mobile,536809.9993490956
678,40,M,Andijan,47,161072.0,317.0,13.0,1,Desktop,8609751.330694078
679,54,F,Bukhara,46,144767.0,487.0,13.0,1,Mobile,8100574.522142379
680,54,F,Andijan,31,226872.0,396.0,60.0,1,Desktop,8475746.576818408
681,27,M,Bukhara,16,218035.0,364.0,57.0,1,Desktop,4905852.514850424
682,27,F,Bukhara,32,,336.0,86.0,0,Desktop,3332624.928379572
683,36,M,Andijan,22,101707.0,496.0,92.0,1,Mobile,3884084.274707163
684,34,M,Bukhara,29,68689.0,228.0,52.0,1,Mobile,3702830.7946058423
685,38,F,Bukhara,22,79084.0,389.0,53.0,1,Mobile,2073148.4545415102
686,31,M,Samarkand,43,90387.0,466.0,86.0,1,Mobile,5296877.601567564
687,26,M,Namangan,3,124816.0,76.0,43.0,0,Mobile,453685.01851657825
688,18,F,Namangan,10,52642.0,187.0,,0,Desktop,2030152.5155508788
689,30,M,Samarkand,42,,345.0,72.0,1,Desktop,3880590.762636442
690,21,M,Andijan,21,260904.0,269.0,72.0,1,Desktop,5003963.518306816
691,18,M,Tashkent,16,236633.0,94.0,42.0,1,Desktop,2713136.569728384
692,57,M,,12,112260.0,309.0,90.0,0,Desktop,1327990.9667623495
693,49,F,Tashkent,2,196510.0,131.0,26.0,0,Desktop,542908.1943283025
694,51,F,Samarkand,41,98442.0,,,0,Desktop,3109269.338624046
695,45,F,Samarkand,24,153061.0,,43.0,0,Mobile,3458855.541004341
696,48,M,Bukhara,35,184066.0,280.0,77.0,0,Desktop,6055760.690579234
697,25,M,Tashkent,30,175844.0,332.0,28.0,0,Mobile,4364344.453669491
698,56,F,,30,294602.0,159.0,9.0,1,Desktop,9953444.661553584
699,43,M,Andijan,47,149575.0,186.0,20.0,0,Desktop,8334928.603105784
700,51,M,Tashkent,35,51813.0,,56.0,0,Mobile,3087387.678292309
701,20,M,Tashkent,19,143027.0,190.0,,1,Desktop,2728357.2093785005
702,29,M,Tashkent,8,173489.0,421.0,39.0,0,Mobile,1576029.1946081277
703,18,F,Samarkand,26,134381.0,119.0,51.0,1,Desktop,2490232.6442606496
704,22,F,Samarkand,49,299880.0,219.0,12.0,0,Mobile,15218252.895241339
705,47,F,Samarkand,40,105276.0,52.0,79.0,1,Desktop,4406671.706185621
706,47,M,Namangan,7,91243.0,221.0,95.0,1,Mobile,3593148.39652568
707,34,F,Andijan,30,243984.0,450.0,55.0,1,Mobile,8631622.362015743
708,40,F,Andijan,7,110272.0,411.0,78.0,1,Desktop,1292648.9265708544
709,32,M,Bukhara,3,283772.0,130.0,11.0,1,Desktop,874706.6890066756
710,54,M,Samarkand,1,223123.0,236.0,26.0,0,Mobile,1342429.5370772257
711,38,F,Namangan,36,259926.0,245.0,42.0,0,Desktop,8564097.329619478
712,31,F,Namangan,25,263808.0,225.0,27.0,1,Mobile,7847337.812014031
713,19,F,Andijan,37,115618.0,207.0,,1,Desktop,3294222.499762701
714,28,F,Samarkand,1,51920.0,,38.0,1,Mobile,-307103.8572147315
715,56,M,Bukhara,15,156121.0,,98.0,0,Desktop,551135.5005955407
716,55,F,Samarkand,37,258291.0,,,1,Mobile,10381343.223049091
717,51,F,,13,126872.0,199.0,19.0,1,Desktop,1998765.0262631895
718,55,M,Samarkand,40,131132.0,246.0,64.0,1,Mobile,4806796.975233976
719,51,F,Tashkent,8,52093.0,71.0,6.0,1,Mobile,-476894.7909758185
720,35,M,Tashkent,5,62905.0,317.0,46.0,0,Desktop,1851747.2267000673
721,47,M,Bukhara,9,171759.0,184.0,42.0,1,Desktop,1504227.0623968295
722,32,M,Andijan,1,205423.0,,92.0,1,Mobile,-559372.3745205759
723,44,F,Samarkand,36,80981.0,205.0,65.0,0,Mobile,4939748.963618025
724,51,F,Tashkent,35,123903.0,31.0,99.0,1,Mobile,3695042.0808582874
725,55,M,Samarkand,2,120821.0,98.0,72.0,1,Mobile,1429259.0714537858
726,50,F,Andijan,40,,393.0,59.0,0,Desktop,5413509.435989426
727,41,F,Andijan,23,284313.0,386.0,52.0,0,Mobile,6377252.769793027
728,32,M,Namangan,9,132289.0,255.0,47.0,0,Mobile,1820392.2253823867
729,47,M,Andijan,34,166506.0,186.0,7.0,1,Mobile,5696367.050395975
730,59,F,,46,265093.0,75.0,11.0,1,Desktop,12475541.021513052
731,34,M,Tashkent,14,128513.0,176.0,61.0,0,Mobile,1348347.1539759953
732,22,F,Namangan,4,200946.0,314.0,,0,Desktop,-637012.1518995941
733,46,F,Bukhara,30,232003.0,286.0,25.0,0,Desktop,8568666.384364711
734,21,F,Samarkand,31,188746.0,348.0,12.0,1,Desktop,5547297.622625931
735,27,F,Tashkent,38,100516.0,254.0,26.0,1,Desktop,4235620.4555323385
736,34,M,Andijan,11,275646.0,324.0,12.0,0,Desktop,3896063.491632326
737,27,M,Tashkent,35,,189.0,43.0,1,Desktop,8864788.204311393
738,34,M,Samarkand,8,275923.0,307.0,51.0,0,Desktop,1652292.7330617846
739,37,M,Namangan,3,119212.0,344.0,37.0,1,Mobile,1689400.9619517718
740,41,F,Namangan,14,183498.0,126.0,46.0,1,Mobile,3145651.175024869
741,22,F,Namangan,13,180970.0,424.0,53.0,1,Desktop,2763383.6503452286
742,51,M,Andijan,45,140009.0,286.0,88.0,1,Mobile,6618989.80358589
743,23,F,Bukhara,32,249570.0,253.0,80.0,0,Mobile,9795002.344257057
744,19,F,Bukhara,34,211015.0,212.0,13.0,1,Desktop,6550447.780746851
745,30,F,Tashkent,45,247467.0,249.0,89.0,1,Mobile,11675770.828367747
746,28,M,Andijan,19,94816.0,83.0,54.0,0,Desktop,1314374.5083998225
747,40,M,Namangan,38,54138.0,486.0,57.0,1,Mobile,363938.19365999685
748,33,M,Namangan,16,281800.0,382.0,4.0,0,Desktop,2737065.475137119
749,48,F,Samarkand,2,141176.0,405.0,75.0,0,Desktop,-529784.3749767133
750,28,M,Samarkand,40,125945.0,387.0,96.0,1,Mobile,4572856.8339877045
751,33,M,,17,54017.0,12.0,49.0,1,Mobile,3097238.749360864
752,25,M,Namangan,34,60451.0,44.0,7.0,0,Desktop,2775722.434306089
753,21,M,Andijan,42,244028.0,126.0,11.0,0,Desktop,11100519.02085942
754,57,M,Bukhara,16,143863.0,425.0,92.0,0,Desktop,1877229.493749644
755,21,M,Samarkand,38,,113.0,54.0,1,Mobile,2408391.169519448
756,42,F,,2,271552.0,432.0,87.0,0,Mobile,3065256.984746215
757,20,F,Andijan,2,93764.0,275.0,45.0,0,Mobile,-889389.6737775647
758,49,M,Namangan,26,173030.0,,23.0,0,Mobile,5204518.797367314
759,20,M,Bukhara,13,182206.0,204.0,28.0,1,Desktop,4081973.7669102633
760,44,F,Namangan,47,112943.0,336.0,57.0,0,Desktop,6442264.08547224
761,46,F,Namangan,31,145667.0,437.0,26.0,1,Desktop,6535716.6139252335
762,49,M,Tashkent,34,104318.0,,25.0,1,Desktop,3969177.2565271286
763,36,M,Bukhara,39,153423.0,,54.0,0,Mobile,6826950.0251870975
764,38,M,Bukhara,3,153998.0,,29.0,1,Desktop,763768.3867903729
765,22,M,Namangan,8,110128.0,398.0,83.0,0,Desktop,1613369.559139581
766,35,F,Andijan,23,269128.0,460.0,97.0,1,Mobile,5504737.587696577
767,45,M,Tashkent,14,71869.0,272.0,36.0,1,Mobile,1934514.408943682
768,59,M,Namangan,27,283540.0,407.0,14.0,0,Desktop,8153328.312767057
769,39,M,Samarkand,29,298106.0,57.0,78.0,0,Mobile,8736233.366254548
770,38,M,Samarkand,39,55039.0,327.0,,0,Desktop,4056412.637815854
771,23,F,Tashkent,39,202353.0,497.0,30.0,1,Mobile,7874881.600895226
772,18,F,Andijan,1,162935.0,218.0,92.0,1,Mobile,1479757.0346204326
773,22,F,Namangan,17,60442.0,108.0,17.0,0,Desktop,2388792.597099756
774,58,M,Bukhara,41,123788.0,278.0,67.0,0,Mobile,6069852.384585463
775,29,M,Tashkent,30,169729.0,173.0,80.0,1,Desktop,4213270.329263421
776,43,F,Andijan,13,77586.0,327.0,30.0,1,Mobile,1531196.2973431551
777,51,M,Bukhara,21,103053.0,263.0,93.0,1,Mobile,4254087.3011315
778,31,M,Samarkand,19,231561.0,314.0,45.0,0,Mobile,2738105.4653132963
779,43,F,Samarkand,19,264176.0,473.0,79.0,1,Mobile,5068185.505703799
780,44,F,Bukhara,25,136346.0,110.0,89.0,0,Mobile,46259585.19668199
781,26,F,Tashkent,22,117087.0,186.0,51.0,1,Desktop,2553593.400212362
782,43,F,Samarkand,31,193697.0,268.0,47.0,1,Mobile,6948494.8169738725
783,39,M,Namangan,17,84397.0,422.0,53.0,0,Desktop,3054940.028599123
784,47,M,,23,108671.0,,64.0,0,Mobile,2845439.283148803
785,34,F,Bukhara,32,166214.0,496.0,,0,Desktop,6075838.52085554
786,43,M,Samarkand,10,272857.0,155.0,64.0,1,Mobile,2897940.9335802007
787,53,F,,10,116897.0,472.0,87.0,1,Desktop,1702775.8819703166
788,18,F,Namangan,36,,188.0,89.0,1,Desktop,9656558.434896272
789,25,M,Tashkent,8,241102.0,271.0,7.0,0,Mobile,2000367.5073193524
790,52,F,Andijan,20,250978.0,374.0,22.0,1,Mobile,4853405.962054419
791,32,M,Andijan,32,186355.0,1.0,81.0,0,Mobile,7005614.229019762
792,39,M,Samarkand,14,188682.0,245.0,82.0,0,Desktop,1921125.6677582068
793,31,M,Samarkand,28,224398.0,209.0,41.0,0,Desktop,5772922.542734759
794,43,M,Samarkand,46,64924.0,400.0,74.0,1,Mobile,2578158.7060473775
795,45,F,Andijan,24,163143.0,285.0,10.0,1,Mobile,3802057.47754196
796,40,M,Tashkent,15,160253.0,358.0,57.0,0,Desktop,2370595.5351299415
797,31,F,Tashkent,22,257234.0,12.0,7.0,1,Desktop,6364247.589665507
798,41,F,Samarkand,30,150297.0,95.0,50.0,0,Mobile,4214048.364741323
799,19,F,Namangan,4,50869.0,497.0,,0,Desktop,1191439.469235187
800,43,F,Tashkent,13,147088.0,220.0,52.0,1,Mobile,2886324.704841783
801,31,M,Andijan,23,51014.0,237.0,33.0,0,Mobile,638310.8006669595
802,24,M,Bukhara,8,60103.0,93.0,1.0,0,Mobile,1370030.018698451
803,20,F,Bukhara,18,263594.0,337.0,53.0,1,Desktop,5846610.482958288
804,40,F,Bukhara,12,160317.0,268.0,60.0,0,Desktop,296867.5633691414
805,35,M,Namangan,31,277079.0,170.0,34.0,0,Desktop,8967929.952873968
806,55,F,Samarkand,14,214530.0,468.0,4.0,0,Desktop,2731011.8916990864
807,52,M,Andijan,34,271677.0,93.0,17.0,0,Mobile,10586582.980332442
808,32,F,Namangan,18,132409.0,148.0,4.0,0,Desktop,1940755.8147264372
809,42,M,Andijan,34,73248.0,111.0,43.0,0,Mobile,1206448.84468933
810,54,F,Andijan,11,270232.0,54.0,,0,Mobile,2969735.1833311724
811,45,F,Samarkand,41,224588.0,336.0,4.0,1,Mobile,8479135.695900882
812,27,M,Bukhara,12,210133.0,423.0,1.0,1,Desktop,3582681.2645378886
813,56,F,Samarkand,49,205242.0,466.0,71.0,0,Mobile,9481245.501118213
814,34,F,Namangan,15,58024.0,115.0,94.0,0,Mobile,9103535.508117229
815,56,M,Namangan,31,263286.0,142.0,50.0,1,Desktop,9778676.427164163
816,39,F,Namangan,49,284864.0,200.0,73.0,1,Mobile,15156864.622214137
817,43,M,Samarkand,29,135947.0,179.0,61.0,1,Desktop,4509802.203288949
818,42,M,Andijan,26,224875.0,201.0,35.0,1,Desktop,5819672.287447725
819,34,F,Andijan,18,200368.0,363.0,8.0,1,Desktop,4171020.456211088
820,30,F,Tashkent,32,141829.0,478.0,24.0,0,Mobile,5466511.952725054
821,37,F,Namangan,22,142708.0,52.0,83.0,1,Desktop,2178973.6367845116
822,42,F,,38,136664.0,470.0,36.0,1,Desktop,6279569.243923839
823,21,F,Tashkent,17,199329.0,383.0,50.0,1,Desktop,2478398.947442919
824,27,F,Andijan,23,193927.0,,,0,Desktop,5122272.935012276
825,20,F,Namangan,24,135178.0,413.0,27.0,0,Mobile,2343881.595450359
826,58,M,Bukhara,8,151121.0,416.0,32.0,0,Desktop,3379764.243370614
827,35,F,Namangan,41,70025.0,312.0,78.0,0,Mobile,3790366.624937039
828,53,M,Samarkand,6,185530.0,307.0,18.0,0,Desktop,-289345.27878595423
829,39,F,Andijan,5,113610.0,136.0,28.0,0,Mobile,635123.3737698471
830,51,F,Andijan,44,120843.0,181.0,29.0,1,Desktop,4886169.955915364
831,25,M,Samarkand,29,157237.0,366.0,16.0,0,Mobile,4103146.0702186357
832,57,F,Samarkand,28,265033.0,0.0,99.0,0,Desktop,7568027.526468419
833,36,F,Bukhara,11,230903.0,43.0,47.0,1,Mobile,1633439.2503315017
834,59,M,Andijan,1,224499.0,226.0,59.0,0,Mobile,1098964.764984436
835,58,F,Andijan,43,274881.0,330.0,31.0,1,Mobile,12689537.086999342
836,54,F,,19,,97.0,4.0,1,Desktop,3825605.7749419855
837,23,F,Tashkent,9,219578.0,207.0,37.0,0,Mobile,2060197.4714591352
838,43,M,Bukhara,27,55668.0,264.0,17.0,1,Mobile,2294854.2859449824
839,51,F,Namangan,34,272542.0,287.0,39.0,1,Mobile,10201313.506077984
840,23,F,Andijan,44,228267.0,,48.0,1,Mobile,10633665.73674168
841,54,F,Samarkand,4,123233.0,139.0,46.0,1,Desktop,-749442.0231802377
842,50,F,Namangan,36,205489.0,480.0,90.0,0,Mobile,6849217.886130993
843,39,M,Andijan,18,131982.0,236.0,48.0,1,Mobile,2225615.0785078877
844,38,M,Bukhara,15,156133.0,461.0,39.0,0,Mobile,1096704.1021503026
845,23,F,Namangan,13,60751.0,440.0,4.0,1,Desktop,1233766.13333153
846,23,F,Andijan,19,96218.0,391.0,30.0,1,Mobile,3434647.207323617
847,21,M,Tashkent,49,176649.0,71.0,30.0,1,Mobile,99429913.66759592
848,47,M,Tashkent,6,57352.0,154.0,22.0,0,Mobile,1160738.1440048749
849,28,F,Samarkand,48,260124.0,189.0,75.0,0,Mobile,13308163.933871554
850,47,M,Andijan,12,138835.0,267.0,66.0,0,Desktop,4014815.5309633813
851,48,F,Tashkent,37,147493.0,320.0,12.0,1,Mobile,6461104.832178362
852,41,M,Bukhara,17,78927.0,106.0,94.0,1,Mobile,2320394.6867883466
853,26,M,Andijan,23,222166.0,231.0,36.0,1,Desktop,3786403.3056638455
854,20,M,Bukhara,26,151948.0,41.0,18.0,1,Desktop,5303966.794356268
855,48,M,Bukhara,29,235194.0,189.0,90.0,0,Desktop,7313623.350305563
856,57,F,Tashkent,33,79493.0,370.0,53.0,1,Mobile,2728484.6545673227
857,54,M,,27,273319.0,138.0,71.0,0,Desktop,7120974.875931761
858,53,M,Namangan,25,254611.0,102.0,1.0,1,Mobile,5867679.563330755
859,41,F,Tashkent,10,81707.0,170.0,58.0,0,Desktop,2158846.8783608954
860,48,M,Tashkent,47,249886.0,350.0,90.0,0,Mobile,11891283.070742626
861,23,M,Andijan,23,188368.0,272.0,87.0,1,Desktop,3956785.441129752
862,19,F,Andijan,21,206470.0,480.0,90.0,1,Mobile,3804323.1952698855
863,37,M,,21,85842.0,415.0,6.0,0,Desktop,2180780.794462857
864,45,F,Andijan,43,63261.0,220.0,70.0,1,Mobile,2470613.2957822173
865,28,F,Bukhara,13,126709.0,212.0,44.0,1,Mobile,1165461.447500345
866,21,F,Tashkent,37,145985.0,340.0,72.0,0,Mobile,4189289.03072453
867,32,F,Samarkand,33,156616.0,423.0,24.0,0,Mobile,6339185.359504498
868,23,M,Namangan,24,237776.0,406.0,86.0,0,Mobile,5771600.724550234
869,47,F,Tashkent,44,117173.0,55.0,19.0,0,Mobile,4097873.3429759797
870,55,M,Andijan,11,81781.0,389.0,18.0,1,Mobile,822854.8586671166
871,19,M,Namangan,17,,341.0,95.0,0,Mobile,1801716.0559656173
872,32,M,Samarkand,4,55103.0,433.0,30.0,0,Desktop,465752.87160331185
873,28,M,Samarkand,47,75500.0,101.0,42.0,0,Mobile,3789993.74777061
874,25,M,Bukhara,25,296404.0,420.0,33.0,1,Mobile,7662648.257990309
875,43,M,Namangan,30,,,74.0,0,Desktop,3479224.223558919
876,22,M,Bukhara,9,216601.0,191.0,12.0,1,Mobile,2993417.543263531
877,23,M,Tashkent,21,163499.0,498.0,94.0,0,Desktop,1974232.8396180675
878,43,M,Namangan,20,199524.0,309.0,27.0,0,Mobile,4606516.574611442
879,21,M,Tashkent,19,99393.0,199.0,39.0,1,Desktop,2603537.921495445
880,36,F,Bukhara,19,212246.0,232.0,9.0,0,Desktop,3928830.2962208176
881,37,F,Namangan,12,245522.0,432.0,21.0,0,Mobile,3515686.523805557
882,50,F,Bukhara,37,216508.0,226.0,76.0,1,Desktop,7846660.53075978
883,37,M,Namangan,42,97406.0,370.0,29.0,0,Mobile,4641547.203091115
884,29,F,Bukhara,17,113059.0,138.0,33.0,0,Mobile,2983925.5435189046
885,18,F,Samarkand,37,197026.0,343.0,62.0,0,Mobile,6669335.573614663
886,43,F,Bukhara,48,132722.0,304.0,15.0,0,Mobile,7196620.8589523025
887,31,M,Samarkand,39,,148.0,2.0,1,Desktop,4198282.002388111
888,55,M,Bukhara,28,178128.0,114.0,52.0,0,Mobile,5309149.26253436
889,54,M,Namangan,41,279571.0,449.0,44.0,1,Desktop,11183806.775578588
890,28,M,Namangan,35,52187.0,62.0,54.0,0,Desktop,4120777.8390855356
891,53,F,Namangan,47,127243.0,103.0,18.0,1,Mobile,6120627.239044758
892,30,F,Andijan,48,85098.0,338.0,3.0,0,Mobile,4485233.903802877
893,20,F,Tashkent,18,273543.0,358.0,7.0,1,Mobile,5355148.209533607
894,50,F,Namangan,14,202297.0,155.0,43.0,0,Mobile,3357521.327599281
895,23,M,Samarkand,35,184678.0,272.0,82.0,1,Desktop,6260855.054551015
896,27,M,Namangan,44,107620.0,5.0,38.0,1,Mobile,4927770.8607041715
897,22,M,Andijan,41,213900.0,146.0,37.0,0,Desktop,9795083.74343677
898,40,F,Samarkand,7,176270.0,183.0,58.0,1,Mobile,951988.9787652441
899,27,M,Andijan,41,207561.0,485.0,33.0,0,Mobile,8332507.022873305
900,19,M,Samarkand,13,64387.0,27.0,59.0,0,Mobile,558446.5245313484
901,30,F,Bukhara,18,,449.0,95.0,0,Mobile,1277061.1820158174
902,57,F,Tashkent,37,252904.0,,11.0,0,Desktop,8693108.538148433
903,19,M,Tashkent,13,277052.0,118.0,68.0,0,Desktop,2937096.0763599044
904,37,M,Andijan,36,292998.0,292.0,82.0,1,Mobile,10693405.476331972
905,18,M,Tashkent,31,293501.0,370.0,68.0,0,Desktop,10119676.655705767
906,54,M,Andijan,2,183663.0,243.0,98.0,0,Desktop,1942540.096879472
907,26,M,Andijan,16,291503.0,,93.0,0,Mobile,4754736.617191864
908,34,M,Andijan,9,229588.0,,88.0,0,Mobile,2629261.751428708
909,26,F,Tashkent,9,141683.0,217.0,22.0,0,Desktop,1627040.8059076953
910,28,F,,38,112061.0,176.0,66.0,0,Desktop,2252879.0447933413
911,32,F,Tashkent,11,285497.0,298.0,44.0,1,Desktop,2141576.088139726
912,41,M,Andijan,22,247808.0,163.0,6.0,1,Desktop,6294540.29116474
913,55,F,Namangan,33,131257.0,57.0,42.0,0,Mobile,5218466.171919579
914,52,M,Andijan,36,111753.0,268.0,25.0,1,Mobile,4992716.025119971
915,47,M,Samarkand,45,134774.0,307.0,57.0,0,Desktop,6040518.015536611
916,48,F,Andijan,23,192159.0,57.0,85.0,0,Mobile,2453322.539399025
917,22,M,Bukhara,45,211888.0,287.0,55.0,0,Desktop,8649935.014320828
918,31,M,Andijan,45,73408.0,464.0,16.0,0,Desktop,2659852.154352838
919,28,F,Samarkand,34,174116.0,104.0,95.0,0,Mobile,6600712.579090712
920,26,F,Samarkand,9,286348.0,227.0,14.0,1,Desktop,2333260.903583404
921,51,F,Tashkent,24,181208.0,246.0,39.0,1,Desktop,6162392.508130418
922,29,M,Namangan,8,67413.0,187.0,28.0,1,Mobile,2100442.3378607575
923,52,F,Andijan,7,163650.0,493.0,96.0,1,Mobile,3065748.446220863
924,52,F,Tashkent,36,109500.0,,92.0,0,Desktop,3066487.006356778
925,18,M,Namangan,18,134514.0,185.0,51.0,1,Desktop,3004643.2121415716
926,57,F,Andijan,3,106358.0,251.0,49.0,0,Mobile,-32950.088937869645
927,39,F,Bukhara,28,116197.0,354.0,9.0,1,Desktop,3758387.81823329
928,46,F,Andijan,6,281848.0,237.0,58.0,1,Desktop,1003974.25725604
929,25,M,Samarkand,44,273861.0,359.0,45.0,1,Mobile,13455540.367551455
930,28,M,Samarkand,44,273492.0,183.0,22.0,1,Mobile,11338216.449796114
931,58,M,Bukhara,21,213926.0,,32.0,0,Mobile,2686706.9753289027
932,54,M,Tashkent,28,126240.0,384.0,69.0,1,Mobile,5760500.815743161
933,31,F,Namangan,40,285595.0,425.0,87.0,1,Mobile,12078796.679567931
934,47,M,Andijan,1,271135.0,209.0,69.0,0,Mobile,-693491.764418128
935,52,M,Samarkand,36,66322.0,303.0,42.0,0,Desktop,2376820.884930863
936,38,F,Tashkent,21,163053.0,295.0,,1,Desktop,2994755.905283116
937,54,F,Bukhara,43,56968.0,96.0,96.0,0,Mobile,2503365.4468044396
938,22,F,Samarkand,35,77518.0,446.0,59.0,0,Mobile,3738910.835914821
939,36,M,Bukhara,13,101925.0,459.0,74.0,0,Desktop,2200304.092903631
940,31,M,Andijan,49,240920.0,455.0,39.0,1,Desktop,12286309.020508515
941,43,M,Namangan,10,161900.0,471.0,15.0,0,Desktop,1859753.113309509
942,21,F,,44,143422.0,207.0,71.0,1,Mobile,7492738.757528011
943,42,F,Samarkand,47,51700.0,369.0,29.0,1,Mobile,688941.7816631065
944,59,M,Andijan,10,,387.0,3.0,1,Desktop,882387.306739562
945,42,F,Tashkent,46,,,83.0,1,Mobile,12207333.166743832
946,35,F,Namangan,13,73199.0,491.0,10.0,0,Mobile,2203344.7730028913
947,57,F,Samarkand,37,225661.0,410.0,92.0,1,Mobile,7815364.3843215285
948,25,M,Namangan,38,213187.0,136.0,29.0,0,Desktop,6883150.607709551
949,56,F,Samarkand,24,243006.0,366.0,79.0,1,Desktop,6564471.546116933
950,57,F,Namangan,2,297407.0,399.0,35.0,0,Mobile,-114433.58090972528
951,31,M,Bukhara,22,235388.0,183.0,6.0,1,Mobile,4919309.517491642
952,49,M,Samarkand,17,55520.0,75.0,12.0,0,Mobile,3362483.900881698
953,55,F,Namangan,36,159814.0,286.0,38.0,1,Mobile,6683442.554003473
954,50,F,Tashkent,14,217527.0,471.0,77.0,1,Mobile,3069837.3925853255
955,40,M,Bukhara,10,296356.0,374.0,93.0,0,Desktop,3029431.874055817
956,32,M,Bukhara,35,267537.0,141.0,19.0,1,Mobile,10341782.586221471
957,50,F,Tashkent,25,173364.0,236.0,67.0,1,Mobile,5114970.430104631
958,42,F,Namangan,3,222677.0,24.0,8.0,1,Mobile,755630.4894509371
959,34,F,,47,64955.0,289.0,8.0,0,Desktop,3300944.942239424
960,50,F,Tashkent,38,225121.0,66.0,84.0,1,Desktop,7107749.519562028
961,19,M,Namangan,17,194989.0,249.0,47.0,1,Mobile,1749302.4499310635
962,31,F,Tashkent,12,251365.0,407.0,4.0,0,Desktop,3043057.7242264953
963,57,F,Tashkent,24,259653.0,117.0,51.0,0,Desktop,5656886.814653856
964,57,M,,29,114925.0,489.0,85.0,0,Desktop,4163404.0343403635
965,56,F,Namangan,43,157216.0,72.0,67.0,0,Desktop,6993467.743805626
966,23,M,Andijan,25,120269.0,281.0,45.0,0,Desktop,2374450.6065056203
967,23,F,Samarkand,36,212026.0,403.0,8.0,1,Desktop,7997634.4594963575
968,20,F,Tashkent,26,277743.0,447.0,87.0,1,Mobile,7026585.214445077
969,24,M,Tashkent,38,253689.0,,16.0,1,Desktop,11886283.37801403
970,25,M,Tashkent,1,91458.0,9.0,77.0,0,Desktop,482200.2989629572
971,59,F,Namangan,20,139037.0,210.0,67.0,1,Mobile,1325133.0129670713
972,32,F,Namangan,28,202185.0,322.0,9.0,0,Mobile,7642695.100219581
973,46,F,Samarkand,16,149977.0,151.0,60.0,0,Mobile,1841982.99604275
974,50,M,Andijan,47,293694.0,4.0,78.0,1,Mobile,12830881.00921983
975,47,F,Samarkand,17,271298.0,194.0,77.0,0,Desktop,6852752.652543521
976,56,M,Bukhara,40,93939.0,441.0,71.0,0,Desktop,4323896.657795563
977,44,M,Tashkent,28,79345.0,282.0,15.0,1,Desktop,3063426.0072054854
978,53,F,Tashkent,12,227385.0,463.0,71.0,0,Desktop,3693180.1158721508
979,46,M,Tashkent,27,160107.0,112.0,98.0,0,Mobile,4172899.2837621965
980,55,F,Samarkand,42,171866.0,270.0,41.0,1,Desktop,6780966.72981368
981,50,F,Samarkand,47,273437.0,162.0,22.0,0,Desktop,12523281.54506226
982,54,F,Tashkent,30,281670.0,459.0,24.0,0,Mobile,10288466.279244034
983,44,F,Samarkand,41,119166.0,104.0,44.0,1,Desktop,5141593.553206809
984,50,F,Namangan,34,228933.0,180.0,1.0,1,Desktop,9186637.039716136
985,21,M,Namangan,37,147406.0,43.0,10.0,1,Desktop,5399076.872771502
986,39,M,Samarkand,6,99298.0,281.0,80.0,1,Desktop,-19095.57734374446
987,19,F,,7,228293.0,174.0,72.0,0,Mobile,242834.52613194566
988,27,F,Samarkand,32,94942.0,161.0,56.0,0,Mobile,3766647.18515404
989,22,M,,32,53453.0,470.0,89.0,1,Mobile,3639594.078411974
990,27,M,Samarkand,25,152811.0,350.0,50.0,0,Mobile,3109301.991753499
991,50,M,Bukhara,33,104935.0,433.0,12.0,0,Mobile,4192727.56863802
992,55,M,Namangan,7,172439.0,339.0,89.0,1,Desktop,957.2843192492146
993,30,F,Andijan,12,224442.0,139.0,81.0,1,Desktop,2207107.322938109
994,48,F,Andijan,16,285004.0,470.0,60.0,0,Mobile,5063000.785374547
995,53,M,Bukhara,16,58328.0,131.0,26.0,1,Mobile,-729546.085670402
996,41,F,Samarkand,43,65534.0,86.0,78.0,1,Mobile,2842938.7472706176
997,32,M,Bukhara,36,135280.0,175.0,41.0,1,Desktop,4120879.5265828543
998,46,F,Bukhara,13,265997.0,182.0,36.0,0,Mobile,4153720.225738274
999,25,M,Tashkent,7,86320.0,367.0,23.0,1,Desktop,622339.3578464702
1000,22,F,Namangan,36,99170.0,128.0,43.0,0,Desktop,4573559.019467583
522,45,F,Samarkand,8,89194.0,221.0,98.0,1,Mobile,-190870.6916583425
738,34,M,Samarkand,8,275923.0,307.0,51.0,0,Desktop,1652292.7330617846
741,22,F,Namangan,13,180970.0,424.0,53.0,1,Desktop,27633836.503452286
661,39,M,Bukhara,45,297955.0,331.0,51.0,0,Mobile,12377288.129764069
412,43,F,Samarkand,33,65088.0,209.0,44.0,0,Desktop,2261054.1773089184
679,54,F,Bukhara,46,144767.0,487.0,13.0,1,Mobile,8100574.522142379
627,53,F,,28,,105.0,45.0,0,Desktop,2236373.502728806
514,36,M,Bukhara,47,237256.0,238.0,,0,Mobile,12070585.888086746
860,48,M,Tashkent,47,249886.0,350.0,90.0,0,Mobile,11891283.070742626
137,40,M,Bukhara,34,277135.0,106.0,64.0,1,Mobile,10311014.471893048
812,27,M,Bukhara,12,210133.0,423.0,1.0,1,Desktop,3582681.2645378886
77,42,M,Bukhara,6,130360.0,338.0,31.0,1,Desktop,-857425.9571749025
637,26,F,Namangan,26,286538.0,370.0,75.0,0,Desktop,7969448.064097005
974,50,M,Andijan,47,293694.0,4.0,78.0,1,Mobile,12830881.00921983
939,36,M,Bukhara,13,101925.0,459.0,74.0,0,Desktop,2200304.092903631
900,19,M,Samarkand,13,64387.0,27.0,59.0,0,Mobile,558446.5245313484
281,37,M,Bukhara,45,128532.0,95.0,48.0,0,Mobile,5716303.396508702
884,29,F,Bukhara,17,113059.0,138.0,33.0,0,Mobile,2983925.5435189046
762,49,M,Tashkent,34,104318.0,,25.0,1,Desktop,3969177.2565271286
320,49,M,Andijan,6,202026.0,60.0,27.0,1,Desktop,182650.5641546133
550,55,M,Andijan,37,224598.0,393.0,34.0,1,Desktop,7648615.111367219
175,49,F,,21,60211.0,58.0,59.0,0,Mobile,1753747.719880339
372,32,F,Samarkand,11,88578.0,170.0,22.0,0,Desktop,803484.1840842201
528,52,M,Namangan,31,117391.0,118.0,65.0,0,Desktop,4903447.7323048115
211,23,M,Andijan,23,208485.0,236.0,23.0,0,Mobile,4880114.087926721
236,47,F,Tashkent,25,150755.0,293.0,63.0,0,Desktop,5167742.096660775
102,25,F,Samarkand,25,269581.0,359.0,90.0,0,Mobile,5294243.640602738
987,19,F,,7,228293.0,174.0,72.0,0,Mobile,242834.52613194566
903,19,M,Tashkent,13,277052.0,118.0,68.0,0,Desktop,2937096.0763599044
948,25,M,Namangan,38,213187.0,136.0,29.0,0,Desktop,6883150.607709551
