owner_name,city,area,rooms,age,distance_to_center,has_garage,has_garden,price
Dilshod,Bukhara,152,2,12,14.456252656084336,1,1,453040.3808289845
Gulbahor,Tashkent,229,3,19,12.545485212258075,0,0,621130.9407685993
Dilshod,Namangan,142,2,24,22.239960556558746,0,0,319425.7496517606
Gulbahor,Fergana,64,2,3,13.726363183237604,1,1,179285.55264131475
Dilshod,Tashkent,156,2,9,11.584771881955879,1,1,465007.6803051497
Sardor,Namangan,121,1,2,10.707650792364419,0,0,321629.22676743346
Javlon,Tashkent,238,1,17,14.738266226403177,1,1,644879.4666313869
Aziza,Tashkent,70,1,35,20.295447505621542,0,1,130209.70886420329
Madina,Samarkand,152,3,21,13.921635769138902,0,0,340026.25480785064
Vali,Namangan,171,5,33,16.879724201932994,0,0,488947.90182629565
Bekzod,Fergana,260,2,7,18.7085384057566,1,0,703061.4464874656
Ali,Samarkand,264,2,39,13.484034637089565,1,1,699770.6581152923
Madina,Tashkent,124,3,18,11.243609359716745,0,0,296018.84101064113
Ali,Tashkent,252,2,36,22.039969068698788,0,1,625869.2396545017
Aziza,Tashkent,137,1,5,11.020146016669411,0,0,389953.46889396315
Madina,Namangan,166,5,25,12.086628413814102,0,0,419803.3995790542
Dilshod,Namangan,149,4,33,24.76819152020265,0,0,382087.61870337755
Dilshod,Samarkand,153,2,5,1.00570056582123,1,1,461414.67694370984
Bekzod,Fergana,201,1,36,5.451349829841339,0,1,522440.58914472116
Ali,Samarkand,180,4,32,10.215133358073418,1,0,505320.22155355534
Vali,Bukhara,199,5,21,23.38215782620607,0,0,543564.1143374064
Aziza,Tashkent,102,4,20,2.6807129379393047,1,0,291939.5610915049
Dilshod,Tashkent,51,1,5,1.2276504070839538,1,1,161553.7162551316
Javlon,Tashkent,137,4,5,2.264412063453486,1,0,404340.0523280767
Sardor,Samarkand,285,3,3,3.1250418547268355,1,1,857485.8429223079
Sardor,Samarkand,207,4,29,1.9023225569502609,1,0,623536.457966418
Gulbahor,Tashkent,87,2,10,12.514751844556114,1,0,204081.6785773585
Vali,Samarkand,179,2,29,14.938172973455865,0,0,430790.73593032756
Sardor,Namangan,241,3,30,7.520487305656098,1,0,656123.5198710292
Gulbahor,Namangan,237,1,23,10.558897215415254,0,0,618849.0340434406
Ali,Samarkand,70,2,8,3.2007840426743233,1,0,232581.9579433399
Dilshod,Tashkent,210,5,2,9.07289113188213,1,1,648410.2181290824
Dilshod,Samarkand,253,2,30,13.540460599228554,0,0,647999.9042726299
Javlon,Samarkand,107,2,39,18.574523372431482,1,1,267213.56737653184
Madina,Samarkand,71,1,36,1.0803126890315013,0,0,160679.2859632031
Sardor,Bukhara,285,4,35,12.215458396903662,0,0,772848.6427202147
Ali,Namangan,138,2,23,8.128069034917173,0,1,367294.176161928
Malika,Fergana,98,3,30,21.467723720605633,0,0,236127.5967771859
Sardor,Fergana,268,4,5,18.173279565621804,1,1,765427.253044151
Vali,Bukhara,108,5,1,15.138604827301476,1,1,339568.90470167546
Madina,Samarkand,219,1,19,7.654375496722566,0,0,592513.2687439413
Sardor,Bukhara,269,5,27,22.848138449380823,1,1,714103.0037163002
Ali,Bukhara,237,4,10,2.0824162532877564,1,1,717278.7576861542
Sardor,Tashkent,257,4,3,3.6272223682987637,0,0,748914.3882181523
Vali,Namangan,64,4,14,10.399123372968546,1,1,179486.65864100377
Malika,Fergana,239,5,5,3.9865013751245524,0,0,694101.6456554256
Aziza,Samarkand,239,4,29,23.9539767414262,0,0,617812.5246712406
Bekzod,Fergana,224,5,37,20.1517437314412,1,0,619675.777667098
Malika,Fergana,239,4,1,7.215583638443528,1,0,703009.6728979567
Gulbahor,Namangan,100,3,14,15.125301495357888,1,1,311217.02500738413
Sardor,Fergana,157,4,10,24.575932361921957,0,0,422711.7198272864
Dilshod,Fergana,104,5,7,22.22077547515607,0,0,321066.14309308724
Javlon,Bukhara,293,2,25,15.419162714612753,1,1,783971.8423951736
Dilshod,Namangan,113,4,4,22.689375212206492,1,0,326245.0578134796
Malika,Tashkent,298,2,5,24.740437835520616,1,0,822788.7963956987
Dilshod,Samarkand,180,3,25,18.84046774944698,1,1,481228.8552462758
Ali,Fergana,278,1,3,2.5596738275894566,0,1,809241.1352877258
Dilshod,Samarkand,100,3,18,10.637925674211699,1,1,244972.8741457713
Madina,Tashkent,184,4,19,21.10781764679789,0,1,547132.4754822031
Aziza,Samarkand,70,2,32,6.533660699320456,0,1,179688.17074126232
Sardor,Tashkent,122,2,19,20.93542042601499,1,1,312958.5225672697
Dilshod,Bukhara,216,5,11,3.8881302888399025,1,1,652277.3059507733
Vali,Fergana,67,2,0,2.126688571547512,1,0,205018.2106279339
Aziza,Tashkent,181,5,25,10.218174675789989,0,1,526775.9601318148
Aziza,Samarkand,138,1,13,1.881566498238727,1,1,417436.5003793696
Dilshod,Fergana,109,4,37,23.974486311599815,1,1,264100.5048142024
Aziza,Bukhara,63,5,36,20.82893669905518,0,0,155681.9348614597
Javlon,Fergana,291,1,10,20.218472491117,1,0,766217.8540825435
Dilshod,Tashkent,299,2,35,16.114670151907674,0,1,757794.442696448
Ali,Bukhara,58,2,12,6.191776552877284,1,1,214883.2709991564
Malika,Samarkand,139,1,2,13.438248800233414,0,1,392745.67467030406
Madina,Bukhara,102,2,32,15.334577738328186,1,0,267467.8085596102
Bekzod,Bukhara,179,1,5,13.600756020646436,1,0,475419.6937909533
Gulbahor,Namangan,133,5,9,7.245600830836655,0,1,394138.29050295206
Aziza,Bukhara,141,5,4,13.365950183553421,0,0,414095.9132437423
Ali,Bukhara,160,1,22,12.788472180847037,1,1,405541.8788075257
Sardor,Fergana,237,5,9,24.91205861936138,0,0,672583.1869658462
Sardor,Samarkand,248,5,1,22.538467553108894,0,0,692600.5437552533
Gulbahor,Fergana,221,5,12,12.121137957174877,0,1,620724.3269243045
Madina,Fergana,57,3,39,15.95049719044285,0,1,110239.31386421894
Aziza,Tashkent,224,4,1,18.948918498213484,1,1,634802.4394870688
Javlon,Fergana,84,2,19,1.8367638456117978,1,1,212237.19367926862
Gulbahor,Namangan,255,3,0,22.478114589468156,0,0,707708.9154982892
Madina,Namangan,130,5,36,21.64304359403017,0,0,284529.5119517355
Aziza,Tashkent,213,1,8,11.978370346568976,0,0,586348.8472327705
Ali,Samarkand,99,5,16,10.388074385929116,0,1,271317.17670308583
Malika,Samarkand,153,4,8,7.551024996551559,1,0,417884.47427850193
Javlon,Fergana,181,5,10,12.440243879928842,1,1,544043.5792373264
Bekzod,Fergana,51,1,14,2.0650399247976825,0,0,129761.81021633433
Sardor,Fergana,183,4,23,21.452644800328187,0,1,498224.21167298243
Vali,Samarkand,103,5,37,1.8501368420450817,0,1,295240.0402962269
Ali,Bukhara,155,4,34,8.897232768876904,1,0,400219.28203989135
Sardor,Namangan,53,2,29,23.358147719655758,0,1,100644.92817922057
Dilshod,Bukhara,103,2,30,18.645103708562864,1,1,268312.5627124692
Vali,Bukhara,270,5,4,7.7533830538606425,0,0,769577.9913231679
Sardor,Samarkand,240,4,13,7.063578255061242,1,1,705152.7207166853
Madina,Bukhara,195,1,10,1.1219713556326232,0,1,543267.2567465543
Javlon,Tashkent,267,5,8,17.697143028394002,1,1,788013.3455989726
Sardor,Fergana,93,2,33,2.1708059601561542,0,0,219859.9122442055
Bekzod,Tashkent,211,2,11,13.78246046561829,0,0,567177.5236273039
Malika,Namangan,251,5,34,24.090927342209195,0,1,679654.4559204153
Madina,Fergana,239,4,34,3.6272526413068933,1,0,644868.4327253635
Ali,Bukhara,277,2,0,22.467518343233618,0,1,779412.4260187492
Ali,Namangan,63,4,39,24.795408043481157,1,1,156331.8385436627
Ali,Fergana,144,2,21,2.476408629741641,1,1,444229.8826102941
Ali,Bukhara,97,2,28,22.18975045929907,0,1,170753.15259865468
Malika,Tashkent,64,3,7,13.3858964906468,0,1,182870.17387640203
Sardor,Fergana,249,2,10,22.756329266669923,0,0,619385.3299795884
Aziza,Bukhara,255,1,36,14.711654606069779,1,1,611675.4169924039
Sardor,Tashkent,264,5,13,16.89068824255755,0,0,746200.4844670345
Dilshod,Namangan,298,5,29,14.050693791937583,1,0,824015.5765591175
Javlon,Namangan,239,4,34,21.747829127376363,1,1,646901.3607806622
Vali,Namangan,89,2,20,18.61383805488884,0,1,221694.87769196864
Aziza,Namangan,262,1,36,13.510247492329958,0,0,682337.4241774984
Aziza,Samarkand,257,4,4,21.83585929723713,0,0,718206.6899116413
Sardor,Fergana,286,3,18,6.886852774128029,0,0,850893.4067981257
Aziza,Fergana,131,4,13,4.776175832860623,0,1,399275.84543398296
Gulbahor,Samarkand,160,4,25,4.84960252792173,0,0,480650.3758355008
Gulbahor,Bukhara,102,2,3,9.01621308988571,1,1,264810.8178097436
Dilshod,Bukhara,73,3,24,6.72856075122442,1,1,238137.66908856365
Vali,Namangan,203,4,24,23.32216841223373,1,1,550340.4533796214
Bekzod,Tashkent,266,1,17,3.540018251886016,0,0,681853.0183076826
Malika,Bukhara,237,1,39,17.775777712950102,1,1,607159.3467586623
Sardor,Tashkent,173,5,7,5.541316954840141,1,1,540358.2553306334
Malika,Fergana,286,3,38,22.159291186488403,1,1,764482.482595986
Bekzod,Tashkent,90,3,39,24.071566916437778,1,1,218778.395318146
Sardor,Fergana,206,5,13,12.171280210479605,1,1,585574.4372438089
Sardor,Samarkand,64,4,31,22.09771552547516,0,0,150602.94859815284
Vali,Samarkand,94,3,37,1.1234840981131544,0,1,244182.62148818802
Malika,Namangan,114,1,32,20.678726017794403,1,1,287499.37145827664
Gulbahor,Bukhara,138,1,22,6.487003876598164,1,0,358923.0276668463
Ali,Namangan,120,2,14,22.808831422464827,1,1,306174.1593044419
Malika,Fergana,58,3,32,1.0268826755226277,0,0,142487.31546273376
Javlon,Namangan,137,4,24,14.348361640954167,0,1,374140.49084568874
Javlon,Tashkent,178,5,16,19.15925929083843,1,0,494625.78538848844
Sardor,Fergana,285,5,32,7.208519936749791,0,0,779256.8655073948
Ali,Samarkand,185,4,1,5.6351887500950335,0,1,538492.1118095341
Madina,Bukhara,265,2,13,3.0183573872316316,1,1,754170.3834297329
Bekzod,Fergana,112,5,39,8.834405836079032,0,1,313157.3895277935
Dilshod,Fergana,188,3,39,14.436263495411907,0,0,464480.3895310533
Ali,Tashkent,292,2,38,3.780252562726184,1,0,804620.8007954941
Dilshod,Bukhara,130,3,5,10.04068868768317,0,0,367710.0332715722
Malika,Samarkand,185,1,5,1.2177377116653991,0,1,500434.1646222029
Malika,Fergana,212,2,2,20.648306091996204,1,0,599848.8855671393
Dilshod,Fergana,212,5,6,4.082769234236593,0,0,621761.9987108588
Bekzod,Tashkent,82,2,7,7.800230758373958,0,1,231432.1927079814
Ali,Namangan,172,2,14,1.4422652497172193,1,0,518666.9104502479
Madina,Samarkand,54,2,28,11.373778813420294,1,0,96635.03317872914
Sardor,Bukhara,283,2,32,21.16291606578925,1,1,747969.0436177092
Vali,Fergana,280,3,29,10.411629074684718,0,0,749066.3748499148
Malika,Fergana,299,1,38,5.307935762172002,1,1,813002.642784398
Javlon,Samarkand,90,4,26,19.08877201721246,0,1,244725.52327521553
Bekzod,Namangan,77,2,35,19.93136756489786,1,1,170514.04495518212
Vali,Fergana,184,5,28,5.170083407381603,0,1,520052.3402536288
Madina,Samarkand,250,2,37,19.500498604983754,1,1,656566.4528705517
Aziza,Tashkent,121,5,32,23.73514931815211,1,0,338642.81930658704
Sardor,Namangan,61,3,36,4.993062086374536,1,0,150068.0770344569
Malika,Bukhara,211,5,26,19.50362302077125,1,1,587247.631669997
Sardor,Fergana,82,4,32,18.005728110463103,0,1,204951.94893243362
Vali,Samarkand,97,1,3,12.365773322442124,1,0,269542.993762508
Sardor,Tashkent,296,5,21,2.390091053411159,1,1,846565.6294148217
Aziza,Bukhara,200,5,1,2.7926660261884964,0,1,627501.2839555726
Vali,Samarkand,111,1,9,21.457951820767544,1,1,262648.84818318964
Malika,Samarkand,265,4,4,24.76356094601553,0,0,741162.4910361379
Ali,Bukhara,86,2,9,17.225254172482106,1,0,214106.63716690443
Javlon,Tashkent,148,5,32,11.702999368247715,1,1,422331.4973472315
Vali,Tashkent,221,1,37,16.54176744164578,1,1,567628.3432406931
Gulbahor,Namangan,153,3,12,15.265500621485089,0,0,462547.06567590125
Aziza,Fergana,263,1,30,10.206694249734923,1,0,706841.6107362687
Vali,Bukhara,268,3,35,2.5750274697763107,1,1,774045.921255294
Vali,Bukhara,84,4,23,20.716310737778585,1,1,265102.3348983213
Gulbahor,Bukhara,242,2,14,9.924004701729391,0,0,667737.1089365301
Malika,Tashkent,276,1,28,20.650855440570247,0,0,701612.0851242035
Vali,Fergana,150,5,7,7.060209992521173,1,0,447645.15783843334
Javlon,Namangan,224,4,4,1.0247075162952015,0,1,674017.9863194018
Sardor,Samarkand,255,1,28,4.8145187986421565,1,0,669309.2078099984
Malika,Samarkand,180,5,3,12.244946002446024,1,1,551388.9309926203
Javlon,Bukhara,50,1,11,23.663287238987916,1,0,138386.69304587354
Malika,Fergana,54,3,1,3.4526468726492556,1,0,195887.13643870127
Javlon,Tashkent,267,1,26,21.501034587077584,1,0,669879.9392715227
Aziza,Fergana,296,1,30,13.64857830908469,1,0,804993.5124756567
Javlon,Fergana,191,1,35,20.82209837919752,1,1,489761.3127663539
Dilshod,Tashkent,152,4,35,8.160986343759824,0,1,427931.0971644883
Javlon,Bukhara,76,1,25,21.158731952139327,0,0,99859.93203367345
Ali,Fergana,186,5,26,19.547746720403307,0,1,546477.9257136231
Ali,Samarkand,256,3,4,6.521288392754414,0,0,721787.1283726135
Bekzod,Tashkent,64,3,19,4.152043033825073,0,0,190155.00938820496
Dilshod,Namangan,139,1,10,21.83330374077503,0,0,391009.38833079056
Dilshod,Bukhara,91,4,9,24.117679682563164,0,0,282371.29559868603
Sardor,Tashkent,173,4,39,1.7512555299403898,1,1,468046.2464306655
Dilshod,Namangan,254,5,37,18.550481607368454,1,0,657308.6900452176
Sardor,Namangan,228,1,5,22.82858826274764,1,0,639849.7554514633
Bekzod,Fergana,112,3,7,21.576642210219966,1,1,322387.83181144006
Bekzod,Fergana,145,4,22,24.148491334485005,0,0,358285.3885049884
Aziza,Fergana,280,1,25,19.24225788251433,0,0,727439.8551737523
Ali,Tashkent,290,4,11,11.615170297141846,1,0,829812.0678565275
Javlon,Tashkent,101,4,25,8.48684777188313,1,1,310352.7871972086
Javlon,Bukhara,145,3,12,8.69782577051506,0,0,405543.98461534455
Gulbahor,Fergana,181,2,39,18.386144142738807,1,1,467175.4702810857
Gulbahor,Namangan,271,5,17,18.90008828874314,1,0,749209.1696397859
Madina,Samarkand,278,5,24,5.808619445169104,1,0,829472.0013723145
Malika,Bukhara,200,3,32,21.834947523772744,1,1,536882.5723671033
Aziza,Tashkent,280,4,39,18.158176964853944,0,0,742309.5934583636
Madina,Bukhara,286,1,11,14.506006872241183,1,0,757734.5877152777
Madina,Bukhara,192,4,35,12.316779042460304,1,1,560459.0902479643
Vali,Bukhara,220,3,3,14.037587338958996,0,1,628550.5033347567
Vali,Bukhara,78,5,4,4.821897718702347,0,1,286517.1818111922
Madina,Samarkand,85,4,36,5.888829982630581,1,1,231565.85075980664
Dilshod,Fergana,62,5,7,3.1879477697486003,0,1,230541.88575414475
Malika,Namangan,209,1,27,4.687792915866704,1,0,562866.9612106547
Aziza,Bukhara,120,5,30,11.888647230526784,1,1,289824.08689887804
Madina,Bukhara,236,5,8,13.728505449478146,0,0,691391.9515941403
Javlon,Bukhara,292,2,28,1.428685419479665,1,0,845449.4583954824
Malika,Fergana,135,2,13,20.12314786873666,1,0,365449.30944236583
Vali,Tashkent,77,2,39,8.06003136024347,1,1,163025.77230171827
Javlon,Tashkent,115,5,21,22.884064839037865,1,1,338531.101645002
Vali,Samarkand,219,3,10,24.220270326730663,0,0,604949.0699500054
Vali,Tashkent,94,5,22,5.451012992239704,0,1,295147.3043393283
Malika,Bukhara,111,3,0,12.090334978375855,1,1,346136.78791464743
Vali,Bukhara,234,3,36,1.0295640439942213,0,1,633097.8873955329
Bekzod,Bukhara,294,2,20,15.359854362938247,1,1,802554.0961667873
Ali,Samarkand,183,4,25,15.575354758304108,1,0,515704.82850361604
Bekzod,Bukhara,77,1,35,6.940958934481004,1,0,141075.60222984542
Ali,Tashkent,77,2,22,14.40190414199675,1,1,190958.72849889836
Gulbahor,Fergana,157,2,0,6.4129634186496505,1,0,497686.2696229197
Gulbahor,Fergana,93,4,39,4.8598112578765615,0,1,275064.2828157904
Vali,Namangan,133,1,14,16.63646720325435,1,1,322764.1238374581
Aziza,Tashkent,79,5,20,8.822211134849798,0,0,206927.30550502823
Aziza,Bukhara,239,5,8,15.16633453325494,0,0,679854.9193429314
Ali,Fergana,124,2,8,11.397921975319734,1,0,367655.94639164757
Javlon,Tashkent,177,1,9,24.624433777669694,1,1,431501.6453636008
Malika,Fergana,299,2,25,4.589935424021578,1,0,823423.9564536073
Vali,Bukhara,296,3,34,12.150366319259444,1,1,798215.6842298881
Malika,Fergana,141,2,24,17.330959032623806,1,0,384857.3754204571
Bekzod,Namangan,266,2,25,10.493082013119249,0,0,671775.6664943764
Aziza,Namangan,280,5,10,24.392796444896558,1,1,805065.2194200794
Dilshod,Fergana,239,5,37,18.32530307024644,1,1,646777.2051125353
Bekzod,Tashkent,274,5,1,16.767612581547834,0,1,831360.7533624502
Bekzod,Tashkent,178,3,6,19.16942242266936,0,1,507814.2080817263
Ali,Tashkent,170,5,17,23.86356731292921,1,1,472656.5521889869
Sardor,Fergana,76,1,26,22.787647671631362,0,1,162092.4335233189
Bekzod,Tashkent,239,4,33,18.382847395033885,1,1,641557.7281437608
Vali,Bukhara,170,1,26,18.979879338430795,0,1,435826.8355479335
Madina,Namangan,165,1,16,4.502129776843491,0,0,433054.2006286014
Madina,Bukhara,254,5,23,3.4670177078239766,1,1,771259.2961597274
Vali,Tashkent,282,4,24,14.701708044259943,0,1,786118.2230140251
Sardor,Bukhara,52,4,6,1.44082328657296,0,0,245728.17504068254
Sardor,Tashkent,152,4,5,12.576553157238198,0,1,448888.9735772035
Ali,Fergana,247,3,23,6.048389918052846,0,0,684060.4659963233
Aziza,Bukhara,249,5,32,9.304397623476149,0,0,674602.709918729
Malika,Fergana,204,4,28,19.619313659030944,0,1,542415.0794970337
Sardor,Fergana,186,3,21,23.589700101577275,1,0,434883.8971138566
Dilshod,Samarkand,111,2,25,2.737990531512196,1,1,321135.69926779624
Ali,Tashkent,214,2,27,13.821812943434683,0,0,576513.8583721189
Gulbahor,Namangan,274,3,20,22.1808036596704,1,0,747770.9927726462
Javlon,Tashkent,100,3,6,2.9802048265701107,1,0,288562.3611873122
Gulbahor,Namangan,283,5,16,20.788337125524013,1,1,792587.5826947719
Ali,Tashkent,221,5,19,9.587232422278513,0,1,588721.6926123176
Bekzod,Fergana,201,2,19,8.730272853264047,1,0,571617.9344307804
Malika,Bukhara,256,4,21,24.45919327155486,0,0,660051.3476026986
Javlon,Bukhara,108,2,27,5.82061815669506,1,1,293284.5918823653
Gulbahor,Samarkand,167,4,39,17.63665457974434,0,1,420951.93939396687
Javlon,Namangan,209,4,6,20.714577472236794,0,0,611325.3857686917
Dilshod,Namangan,145,5,0,1.9884038867025202,1,0,478728.8185859097
Dilshod,Namangan,265,1,31,17.089251000505893,1,1,708299.3564011084
Dilshod,Fergana,282,1,12,23.837199384527846,0,1,754454.8765138976
Ali,Namangan,229,3,29,3.9812792014734244,1,1,672125.6699962812
Malika,Bukhara,162,5,22,22.509311264440917,1,1,451398.903581059
Ali,Fergana,111,4,18,15.274639297046466,1,1,360043.0280159974
Madina,Tashkent,290,1,31,15.798509964699377,0,0,699989.7369426149
Bekzod,Namangan,235,4,29,15.710660196774542,0,1,652428.1495664757
Bekzod,Namangan,101,1,28,8.172061272095533,1,0,228523.4852825263
Dilshod,Tashkent,61,1,28,23.444843567187032,1,1,103455.32181002689
Madina,Namangan,88,1,29,23.73641110314493,1,0,188015.46313173085
Sardor,Tashkent,179,5,15,16.007311845134748,0,1,524913.4173066854
Sardor,Fergana,180,2,39,19.802145422598752,0,1,444224.26942860393
Dilshod,Bukhara,162,4,18,15.69419166114779,1,0,426888.4577955997
Gulbahor,Tashkent,150,5,17,12.625562741776974,1,0,469829.4791420308
Ali,Samarkand,162,5,0,16.859682839182017,1,1,486867.6919570824
Dilshod,Tashkent,233,5,13,14.272034862207002,1,1,671410.188471082
Aziza,Namangan,130,5,1,15.339420703166322,1,1,429379.09335700393
Javlon,Fergana,236,5,27,19.811981282052685,1,1,654541.6139406698
Bekzod,Fergana,162,3,29,12.541691954775636,0,1,431381.8329016986
Sardor,Tashkent,51,4,37,1.9780985462193463,1,0,95811.78897490553
Vali,Bukhara,179,5,3,4.935987543747934,0,0,551914.5139028887
Sardor,Samarkand,269,4,0,11.52657319574892,1,1,807503.4911987465
Bekzod,Fergana,103,3,7,18.3958374369774,1,0,280511.15437075956
Javlon,Namangan,136,3,28,15.23868755944429,0,0,297241.1056858156
Bekzod,Namangan,278,4,38,16.60706046096289,0,0,724329.7138484422
Vali,Bukhara,273,1,2,12.502694285830895,0,1,757247.134232366
Dilshod,Fergana,274,2,31,15.777808526613828,0,0,699599.8031401625
Madina,Tashkent,178,1,9,8.896418507551893,1,1,465583.67369624623
Vali,Namangan,196,1,9,12.284382224719963,0,0,552825.9156968984
Bekzod,Bukhara,175,1,18,18.862697574278933,1,1,445897.3742925547
Bekzod,Fergana,179,5,33,21.92398669535491,0,0,456807.93335083214
Aziza,Fergana,102,3,32,11.407728014953333,1,1,221195.05754572756
Aziza,Fergana,221,1,22,2.0478797849766686,1,1,646201.3474040108
Malika,Fergana,267,3,27,4.880141059523264,1,0,733608.7192462723
Aziza,Fergana,209,4,31,1.5006673429969144,1,1,604467.9216554902
Ali,Namangan,247,2,6,16.678312461695924,1,1,719458.1239729412
Madina,Bukhara,209,4,28,8.975551008522615,1,1,579122.8138886222
Javlon,Fergana,296,4,7,14.01948725726482,0,1,866125.9252332012
Vali,Samarkand,117,5,0,12.83864432281119,1,1,345696.2022355548
Bekzod,Samarkand,232,2,2,2.9566357492582407,0,1,685306.4616529099
Malika,Bukhara,252,4,23,10.678272666971964,0,1,734588.2979964492
Malika,Tashkent,233,4,22,6.2934669981357585,1,1,663804.7290593678
Javlon,Tashkent,172,2,7,11.041594928023665,0,0,493994.44254992064
Madina,Tashkent,194,2,36,5.885878728213824,1,0,545906.695587448
Vali,Samarkand,87,4,2,21.170857750646405,0,1,250761.4477376268
Sardor,Tashkent,73,2,32,5.1806400778780874,1,1,181888.1541272466
Aziza,Namangan,118,4,27,24.05873323568745,0,0,266416.658611979
Dilshod,Fergana,165,4,7,10.981776787526579,1,0,480941.8433212442
Malika,Samarkand,147,5,33,21.30988700845718,1,0,371573.02817763324
Aziza,Bukhara,247,1,34,16.090355636942682,1,1,620637.0667575701
Aziza,Bukhara,263,4,31,18.648407167978064,1,0,733379.891598271
Ali,Fergana,188,3,23,19.425373313602726,0,1,478650.7328670293
Madina,Samarkand,289,1,13,13.116277165432427,1,1,803037.8839635276
Dilshod,Tashkent,193,1,31,14.039212560718921,0,0,472386.24358288693
Sardor,Tashkent,146,1,15,13.3359008274094,0,1,408590.08959660365
Bekzod,Namangan,250,5,3,15.113401074161901,0,1,724610.0732105759
Ali,Namangan,173,4,36,1.705466698156175,1,1,500412.0275367741
Aziza,Tashkent,236,5,20,10.492364076376365,0,1,691636.6658927695
Aziza,Bukhara,119,4,13,15.548529125468118,0,0,357797.9338954754
Gulbahor,Bukhara,257,5,30,15.345365566140744,0,0,687554.2019668132
Dilshod,Namangan,142,5,17,20.030946270535157,1,1,401280.2580842821
Dilshod,Fergana,52,3,6,16.720224131970603,1,1,141723.93065685773
Gulbahor,Tashkent,197,5,9,24.811199592176138,0,0,591403.5932326126
Dilshod,Namangan,236,2,6,7.81250868660748,1,1,711664.4313903928
Aziza,Namangan,213,3,32,9.619624711989555,1,0,572916.72268978
Malika,Tashkent,196,5,22,10.21233164482711,0,1,599604.1197328869
Vali,Tashkent,139,1,20,12.179507368485964,0,1,350803.7173757149
Aziza,Bukhara,244,2,18,21.063953530749025,1,0,663960.3023671726
Ali,Fergana,196,2,18,6.659010255021037,0,0,529085.4175244123
Madina,Fergana,197,2,35,19.624004968850308,1,0,499808.09909730876
Gulbahor,Tashkent,145,3,28,10.72744439405784,1,0,393780.3400625552
Sardor,Samarkand,248,5,17,15.444529207888205,1,1,711111.2341166907
Bekzod,Namangan,101,5,1,16.180972797431345,1,0,345588.02516684437
Sardor,Namangan,282,1,0,9.948367292534428,1,1,821022.3137686091
Aziza,Tashkent,210,1,4,13.302764924939325,1,0,602148.362020151
Ali,Samarkand,217,2,19,10.912748191544729,0,0,583879.0473268975
Aziza,Bukhara,177,1,10,2.6591868684788666,0,1,477150.2286274996
Madina,Tashkent,88,3,1,11.491969331603837,1,0,306903.78266794636
Malika,Tashkent,131,5,2,3.337441421285252,1,0,426473.992486081
Bekzod,Namangan,153,2,22,10.720499177927717,1,0,415840.3422155129
Madina,Tashkent,178,1,11,15.230041595962764,0,0,473947.54398451984
Gulbahor,Tashkent,60,3,19,14.905957584244018,1,1,174036.5191558643
Gulbahor,Tashkent,269,3,4,16.90291069619969,0,1,776902.5190322062
Aziza,Namangan,234,1,36,3.286276190911031,1,0,635895.006064508
Ali,Bukhara,266,5,37,16.65095789273051,1,0,719101.414153594
Madina,Bukhara,227,1,29,8.491553360714729,0,0,613826.2401176834
Javlon,Tashkent,200,2,8,10.577102707290667,0,1,553907.7235021933
Ali,Namangan,208,1,33,21.591670094144938,1,1,526851.6407893259
Malika,Bukhara,271,3,34,1.216729699109206,1,1,751812.976929697
Gulbahor,Bukhara,91,1,21,15.12190320017453,1,1,212386.72314663514
Aziza,Bukhara,148,5,23,15.369135522402582,0,0,425445.55073101213
Dilshod,Namangan,56,4,16,10.519834632245487,0,0,218998.26868402993
Gulbahor,Namangan,193,1,9,6.688668570600068,0,0,516487.4650923935
Bekzod,Tashkent,139,5,29,6.632176918277226,0,1,420942.07765700715
Vali,Fergana,161,5,22,22.20903207185806,0,0,422463.70960228
Dilshod,Bukhara,298,3,31,11.60858497078858,0,1,804273.1305213028
Aziza,Fergana,293,5,16,8.941344711740125,1,1,895468.9860211532
Javlon,Namangan,109,5,16,11.770661771953673,1,0,307987.9707545865
Dilshod,Namangan,162,5,13,17.065369635024673,0,0,430606.0793574882
Bekzod,Namangan,51,5,8,4.498157637874041,1,0,193459.71174898892
Ali,Fergana,178,2,39,11.786412045129705,1,1,470800.2964684941
Javlon,Namangan,97,2,1,15.109224906649287,0,1,282954.88162031904
Gulbahor,Tashkent,189,3,24,23.76600051643441,1,0,499081.58248099114
Javlon,Namangan,246,1,38,7.060666769810062,0,0,622761.3060906114
Madina,Samarkand,86,5,8,9.622017949989893,0,1,293686.7646396986
Bekzod,Fergana,209,1,21,10.104606158138171,1,0,498017.33884282416
Dilshod,Samarkand,296,1,3,15.532915783477188,0,1,799618.0623312908
Madina,Namangan,58,3,25,9.561569272960039,0,1,144904.61326841096
Javlon,Tashkent,282,5,28,13.804286207192694,0,0,788482.1235676648
Madina,Bukhara,148,5,33,19.762967916280704,0,0,408569.3669688099
Sardor,Namangan,196,4,22,17.929254258692886,0,0,505839.49731927144
Bekzod,Tashkent,97,1,36,11.712847516302054,0,0,228115.87747812725
Malika,Fergana,257,1,10,21.741188264180053,0,1,672066.3900876127
Ali,Samarkand,180,2,5,14.39536599025271,0,1,498111.0723598809
Javlon,Samarkand,197,4,17,13.9577401480531,1,1,579413.170079846
Bekzod,Samarkand,201,2,20,1.8205063825397962,1,0,560094.2656487849
Malika,Fergana,103,2,35,24.68063152857188,1,1,250741.08907618257
Malika,Tashkent,169,2,37,3.9512994047110412,0,0,418305.31828831503
Aziza,Fergana,210,3,33,6.5471418982635186,0,0,547015.0163778663
Madina,Samarkand,201,3,16,2.240724093796647,1,0,603158.1508965933
Malika,Namangan,165,2,36,16.36007120408593,1,0,391817.369826475
Sardor,Bukhara,124,4,24,6.39282824734432,1,0,361592.92541164457
Bekzod,Fergana,162,1,37,5.320250499345364,0,0,358849.8456474328
Vali,Fergana,249,4,11,3.1253340213577934,1,1,781642.1189985082
Vali,Tashkent,213,5,22,3.479414970976376,1,0,651172.2087827828
Javlon,Tashkent,215,3,21,15.032096810622129,0,1,637237.9503703709
Gulbahor,Fergana,153,1,20,17.51698878079829,1,1,423133.29706733115
Madina,Samarkand,133,1,26,10.537095723145624,0,0,296532.80396169913
Gulbahor,Bukhara,276,5,30,12.517529958209757,0,0,770137.9372867923
Malika,Tashkent,161,5,5,17.46322566359162,0,0,449013.3734283807
Bekzod,Samarkand,266,2,26,1.4171149644515113,1,1,778326.5202121589
Javlon,Namangan,148,3,39,8.755135769686685,1,0,359566.92270107515
Dilshod,Tashkent,202,3,33,24.354345953688316,0,1,483808.2104078274
Malika,Samarkand,142,4,11,14.922693512691232,1,0,379858.3839006838
Madina,Samarkand,195,2,6,7.101389917539838,1,0,550829.6237396603
Vali,Bukhara,177,2,9,13.521521119269115,1,1,488467.40126579034
Aziza,Bukhara,159,2,16,9.223683714901968,1,1,423319.65045341075
Bekzod,Namangan,131,2,25,13.77387973183118,0,0,360548.4226212081
Ali,Samarkand,243,3,20,4.017796283359572,1,1,709962.0213610138
Gulbahor,Samarkand,103,3,27,4.185151691662657,0,1,288374.3874138089
Javlon,Bukhara,212,2,1,4.445016688945429,0,1,648793.2550070677
Gulbahor,Tashkent,257,4,0,23.5556750062442,1,1,750613.8058283703
Bekzod,Tashkent,238,1,35,18.589574040192204,0,1,576747.2478895128
Gulbahor,Fergana,218,1,25,4.897165471895701,1,0,551101.4742058554
Bekzod,Bukhara,277,4,28,5.520378010374435,1,0,763858.0961323831
Gulbahor,Fergana,210,2,20,18.539907396901032,0,1,581028.4972163672
Sardor,Bukhara,117,3,10,4.747932275012174,0,0,311997.4131362525
Dilshod,Namangan,82,1,39,6.629471040035888,0,0,169103.60267988575
Malika,Samarkand,191,5,10,24.120323987689577,0,1,560237.8548863321
Malika,Namangan,70,5,35,7.127356593482364,1,0,202952.1836219003
Madina,Bukhara,97,4,38,16.879176408907522,1,1,254221.31375799663
Ali,Samarkand,197,2,39,24.48715089761273,1,1,498437.77646224305
Ali,Tashkent,297,1,34,9.983122411355023,0,0,773419.372613743
Madina,Tashkent,177,2,33,1.4203837806894937,0,1,502840.71588808665
Aziza,Fergana,185,1,23,6.859534970136982,0,1,466375.0954951738
Malika,Bukhara,184,4,21,20.941052592200933,1,1,515426.39235237386
Aziza,Bukhara,244,4,4,21.75061206292088,0,1,654533.9671942153
Bekzod,Tashkent,194,5,32,19.44446474857099,1,1,493436.14675912727
Bekzod,Namangan,177,2,35,3.7146356578377526,0,0,451037.3080672848
Vali,Samarkand,82,5,19,20.092248920713676,1,0,242983.0935374678
Gulbahor,Namangan,225,2,18,23.048267127844102,1,1,634916.8212890631
Ali,Namangan,253,5,34,15.414629021109667,0,1,738166.5766179899
Vali,Tashkent,236,3,16,23.581008552113556,0,0,648835.1963090826
Dilshod,Tashkent,164,3,33,20.844133209085058,1,1,436955.04846979043
Madina,Tashkent,263,3,8,17.007316407781776,1,0,742984.6642999128
Madina,Fergana,168,3,25,14.852445681081957,0,1,413570.5473741685
Bekzod,Namangan,71,1,1,9.36576801380729,0,1,197447.73185754946
Malika,Bukhara,287,3,8,4.822898685827323,1,1,867161.7376535098
Aziza,Samarkand,207,4,8,15.518894144572979,0,1,610927.848831415
Ali,Fergana,87,4,39,8.634677286834869,1,1,207303.9624926713
Vali,Bukhara,279,1,16,21.794528020663492,1,1,759691.4569038426
Aziza,Namangan,158,3,0,24.840086496607086,0,1,449287.68324414024
Vali,Tashkent,100,3,24,19.058266302773742,0,0,244081.26979674725
Gulbahor,Namangan,231,3,39,3.171560686889218,0,0,609599.7675186748
Dilshod,Samarkand,57,5,24,7.9284542927353145,0,0,176254.77075341324
Dilshod,Fergana,76,2,38,3.6186311623779934,0,1,188908.99845349198
Aziza,Fergana,76,5,34,16.61227954700118,1,1,193946.26559736955
Aziza,Samarkand,275,2,2,19.36458074933883,1,1,785971.1197289642
Aziza,Bukhara,70,3,36,23.216195941137084,0,1,130579.70530278154
Vali,Bukhara,79,3,29,11.516136313887703,0,1,165123.0500172997
Gulbahor,Fergana,146,5,37,22.633015590122664,0,1,359401.8281189914
Sardor,Fergana,77,5,33,22.06938781699186,1,1,169087.43065910778
Aziza,Tashkent,160,2,11,8.612697202369567,0,0,455676.47629666294
Malika,Bukhara,241,4,18,21.853615012973705,0,1,665610.557525139
Ali,Samarkand,274,2,36,10.016134045161436,1,0,717857.9196855583
Ali,Bukhara,246,5,16,8.124862589446739,1,0,748760.7016868795
Vali,Tashkent,110,5,9,16.577791811065435,0,1,330904.2345294925
Aziza,Fergana,97,1,11,8.881149469241945,0,1,228513.24594217862
Bekzod,Fergana,196,5,15,16.12500995989946,0,0,542260.4092765248
Madina,Tashkent,53,1,23,15.635963331968668,1,0,137685.1570815285
Sardor,Samarkand,84,4,18,14.522534256363011,0,1,220165.41898549112
Malika,Fergana,241,2,7,10.130072901587145,0,1,682144.2799719824
Gulbahor,Namangan,98,2,30,14.163993319635441,0,0,233949.5458510219
Bekzod,Fergana,66,1,20,15.315651399650118,1,1,168967.6668917986
Dilshod,Namangan,221,2,16,14.096485323891361,1,1,661396.2253313793
Bekzod,Tashkent,269,5,22,11.666066866028837,0,1,738941.801129477
Vali,Tashkent,207,3,36,1.3520093691103314,0,0,530166.7196511233
Sardor,Fergana,270,1,15,15.089480984827624,1,0,704125.9490883021
Javlon,Bukhara,95,2,5,5.0426652434252714,1,0,280496.3010928118
Javlon,Namangan,166,1,7,16.42182325473255,1,1,479043.9012541839
Aziza,Samarkand,55,1,24,19.224263870148782,1,1,91116.78066377221
Aziza,Fergana,148,3,17,13.010687419137795,1,0,432745.83528060315
Vali,Samarkand,173,5,24,14.01672795951372,1,0,491269.0774795273
Gulbahor,Fergana,282,1,11,23.835485431983788,1,0,728049.0952718139
Aziza,Bukhara,86,2,14,21.33201667294178,1,1,188308.56752275932
Madina,Bukhara,73,4,25,22.94167638283528,1,0,148465.2373581429
Sardor,Bukhara,142,1,25,20.530390919670076,0,0,312722.14999598137
Vali,Bukhara,290,1,31,3.6140402043215545,0,1,770688.8960764905
Ali,Tashkent,95,3,9,4.575804543284673,0,1,314469.6504480397
Dilshod,Tashkent,230,5,15,13.63897113445503,1,1,692203.8219748547
Vali,Namangan,144,4,6,6.905671811151958,0,0,410409.83133609005
Vali,Samarkand,148,2,16,12.44069140098782,1,1,419491.9228654677
Javlon,Fergana,237,4,22,10.464767771640405,1,1,711301.389840564
Malika,Fergana,274,2,25,14.185941722330881,0,0,757806.464975939
Gulbahor,Tashkent,165,5,20,18.925017187259744,1,1,468861.84539440856
Malika,Fergana,240,2,21,18.171781770382587,0,0,643122.2050533348
Madina,Tashkent,262,3,6,13.509619179648023,0,0,760179.8689784604
Ali,Namangan,209,3,13,20.737442051609392,0,1,537483.6774332135
Javlon,Samarkand,264,3,14,11.3406901969128,1,1,743470.4778629804
Ali,Namangan,210,3,6,22.521142956162937,0,1,623158.0887761394
Madina,Bukhara,116,4,8,2.710726481323934,1,1,372757.824834934
Malika,Bukhara,177,5,7,23.91184072079938,0,1,447297.2912643793
Vali,Bukhara,67,2,22,16.712633954352356,0,1,148355.49588356086
Aziza,Namangan,74,2,28,10.121788214492927,0,0,185848.9335533314
Aziza,Fergana,283,3,17,5.731699037749056,1,0,803166.8106605199
Bekzod,Samarkand,272,3,30,12.500397506646397,1,1,760906.4839227198
Dilshod,Bukhara,103,1,29,5.669399756447223,1,0,273525.6404402202
Gulbahor,Bukhara,107,5,38,4.991958585835412,0,1,287917.33379968355
Madina,Bukhara,116,4,34,15.81644217791138,0,0,272979.25591588975
Dilshod,Samarkand,153,2,17,13.554033389962832,1,0,414460.7527391598
Gulbahor,Bukhara,223,1,38,17.0823048306626,1,0,556190.9687972724
Dilshod,Samarkand,73,1,16,23.31054105812774,1,1,168660.45428068395
Malika,Bukhara,163,2,13,13.774245120136964,1,0,447654.6402133753
Gulbahor,Namangan,81,4,30,14.942369278307146,1,1,203944.33875097096
Malika,Namangan,224,1,23,3.1510321397186107,1,0,623803.6739221818
Vali,Samarkand,135,1,34,18.22325886180711,0,0,307738.1212186451
